"Medelfolkmängd (efter födelseår) efter region, ålder, kön och år"

"region","ålder","kön","2006","2007","2008","2009","2010","2011","2012","2013","2014","2015","2016"
"0114 Upplands Väsby","totalt ålder","män",18700.0,18873.0,19014.0,19162.5,19418.5,19796.5,20137.0,20464.0,20774.5,21100.5,21687.5
"0114 Upplands Väsby","totalt ålder","kvinnor",19036.0,19078.5,19137.5,19282.0,19546.5,19945.0,20321.5,20622.0,20858.0,21138.0,21588.5
"0115 Vallentuna","totalt ålder","män",13770.0,14054.0,14334.5,14561.5,14852.0,15201.5,15491.5,15718.0,15889.5,16056.0,16275.5
"0115 Vallentuna","totalt ålder","kvinnor",13862.5,14071.0,14333.5,14596.0,14885.5,15213.0,15473.5,15697.5,15903.0,16118.5,16307.0
"0117 Österåker","totalt ålder","män",18860.5,19035.0,19221.0,19469.5,19699.5,19876.5,20090.5,20312.0,20547.0,20953.0,21558.5
"0117 Österåker","totalt ålder","kvinnor",18747.0,19047.5,19282.0,19477.0,19647.5,19780.0,19940.0,20070.0,20290.5,20702.0,21153.0
"0120 Värmdö","totalt ålder","män",17852.0,18371.0,18787.0,19000.5,19240.0,19482.5,19739.0,19998.5,20307.5,20642.0,21008.0
"0120 Värmdö","totalt ålder","kvinnor",17516.0,17965.5,18336.0,18565.5,18788.5,19115.0,19401.5,19587.0,19855.0,20182.0,20545.5
"0123 Järfälla","totalt ålder","män",30770.5,31259.0,31779.5,32201.5,32692.5,33270.0,33797.0,34272.0,34942.5,35851.0,36901.0
"0123 Järfälla","totalt ålder","kvinnor",31272.0,31625.5,32111.5,32623.5,33060.5,33495.5,33968.0,34416.5,34991.5,35714.0,36519.5
"0125 Ekerö","totalt ålder","män",12058.5,12227.5,12336.5,12431.0,12591.5,12770.0,12973.0,13158.0,13330.5,13499.5,13694.5
"0125 Ekerö","totalt ålder","kvinnor",12097.0,12266.5,12396.5,12506.0,12661.0,12818.5,12990.5,13099.5,13196.0,13341.5,13500.5
"0126 Huddinge","totalt ålder","män",44452.0,45326.5,46430.0,47453.5,48360.5,49318.0,50318.5,51241.0,52028.5,52755.0,53721.5
"0126 Huddinge","totalt ålder","kvinnor",45014.0,45678.0,46588.0,47550.0,48265.0,48933.0,49711.0,50542.5,51342.5,51993.0,52703.0
"0127 Botkyrka","totalt ålder","män",38588.0,39283.0,39996.5,40624.5,41353.0,42348.0,43340.5,44117.5,44825.0,45356.5,45907.0
"0127 Botkyrka","totalt ålder","kvinnor",38484.5,39009.0,39546.5,40000.5,40548.5,41294.5,42135.0,42809.5,43415.5,43806.5,44143.0
"0128 Salem","totalt ålder","män",7140.5,7329.0,7440.0,7501.5,7572.5,7666.0,7778.0,7861.5,7942.0,8048.0,8161.5
"0128 Salem","totalt ålder","kvinnor",7384.0,7561.0,7681.0,7743.5,7779.5,7876.5,8009.5,8079.5,8128.5,8235.0,8359.0
"0136 Haninge","totalt ålder","män",36160.5,36696.5,37259.0,37937.5,38454.0,39018.0,39676.0,40393.0,41217.5,42028.0,42942.5
"0136 Haninge","totalt ålder","kvinnor",36236.0,36630.5,37074.0,37665.0,38191.5,38672.0,39202.0,39788.0,40452.0,41108.5,41837.0
"0138 Tyresö","totalt ålder","män",20527.0,20747.0,20984.5,21146.0,21323.5,21509.0,21711.5,21955.0,22369.5,22868.0,23318.0
"0138 Tyresö","totalt ålder","kvinnor",20778.0,21014.5,21205.0,21321.0,21451.0,21628.5,21834.5,22067.5,22466.0,22915.5,23322.0
"0139 Upplands-Bro","totalt ålder","män",10650.0,10880.0,11175.0,11440.0,11709.5,11929.0,12125.0,12299.5,12523.0,12808.5,13211.5
"0139 Upplands-Bro","totalt ålder","kvinnor",10832.5,11049.5,11276.5,11502.0,11729.5,11901.0,12043.5,12228.5,12472.0,12729.5,13060.5
"0140 Nykvarn","totalt ålder","män",4318.5,4461.5,4563.5,4644.0,4723.5,4752.5,4778.0,4834.5,4939.0,5118.5,5283.0
"0140 Nykvarn","totalt ålder","kvinnor",4163.0,4306.0,4417.0,4487.0,4555.5,4578.5,4608.5,4648.0,4730.0,4885.0,5025.0
"0160 Täby","totalt ålder","män",29923.5,30182.0,30479.0,30849.0,31263.5,31662.5,32094.0,32542.0,33034.0,33567.5,34140.5
"0160 Täby","totalt ålder","kvinnor",30876.5,31137.5,31470.5,31791.0,32138.0,32511.0,32867.0,33286.0,33779.0,34240.0,34693.0
"0162 Danderyd","totalt ålder","män",14691.0,14816.0,14882.5,14949.0,15080.5,15251.0,15398.0,15522.0,15664.0,15786.5,15917.0
"0162 Danderyd","totalt ålder","kvinnor",15668.0,15824.5,15937.5,16051.5,16159.5,16313.5,16481.5,16569.0,16594.5,16571.5,16620.0
"0163 Sollentuna","totalt ålder","män",29642.0,30171.0,30630.5,31186.0,31838.0,32468.0,33056.0,33616.0,34204.0,34741.5,35213.0
"0163 Sollentuna","totalt ålder","kvinnor",30299.5,30786.5,31111.5,31536.0,32150.5,32792.5,33319.0,33886.0,34531.0,35046.5,35424.0
"0180 Stockholm","totalt ålder","män",377296.0,384243.0,391693.5,400658.0,410214.5,419338.0,428424.0,437195.5,445388.5,452218.5,458427.0
"0180 Stockholm","totalt ålder","kvinnor",399665.5,404781.0,410948.0,419110.5,428030.5,436360.5,444355.5,452272.0,459456.0,465534.0,471140.5
"0181 Södertälje","totalt ålder","män",40631.0,41499.0,42322.0,42744.5,43167.0,43798.5,44643.5,45579.5,46324.0,46940.0,47680.0
"0181 Södertälje","totalt ålder","kvinnor",40541.0,41217.5,41875.5,42267.0,42591.0,43167.0,43935.5,44693.0,45329.5,45778.5,46236.5
"0182 Nacka","totalt ålder","män",39957.0,40973.5,41776.0,42760.0,43891.5,44786.5,45494.0,46225.5,47121.0,48052.5,48874.0
"0182 Nacka","totalt ålder","kvinnor",41377.0,42388.5,43206.0,44113.0,45205.0,46075.5,46750.5,47422.5,48199.0,49049.0,49798.5
"0183 Sundbyberg","totalt ålder","män",16859.5,17162.0,17621.5,18328.0,18973.0,19451.5,19963.5,20708.0,21600.5,22585.5,23593.5
"0183 Sundbyberg","totalt ålder","kvinnor",17413.0,17641.5,17957.0,18572.5,19204.5,19634.5,20202.5,21001.5,21757.5,22514.5,23336.5
"0184 Solna","totalt ålder","män",29766.5,30498.5,31481.0,32490.5,33285.0,34131.0,34956.0,35679.5,36400.5,37330.0,38457.5
"0184 Solna","totalt ålder","kvinnor",31379.5,32019.0,32822.5,33608.5,34241.5,34914.0,35663.5,36337.0,36990.0,37769.5,38686.0
"0186 Lidingö","totalt ålder","män",20147.5,20351.0,20535.0,20767.5,20995.0,21224.5,21379.0,21675.0,21959.5,22270.5,22667.0
"0186 Lidingö","totalt ålder","kvinnor",21959.0,22164.5,22375.5,22510.5,22658.0,22824.5,22878.5,23131.0,23362.0,23613.0,23910.5
"0187 Vaxholm","totalt ålder","män",5072.0,5185.0,5280.5,5382.0,5464.5,5468.0,5519.0,5542.0,5593.0,5632.0,5702.0
"0187 Vaxholm","totalt ålder","kvinnor",5209.5,5335.0,5393.0,5492.0,5596.5,5585.0,5614.5,5615.0,5665.5,5722.5,5798.5
"0188 Norrtälje","totalt ålder","män",27404.5,27525.5,27662.5,27797.5,27956.5,28094.0,28256.5,28434.0,28731.5,29235.0,29733.0
"0188 Norrtälje","totalt ålder","kvinnor",27311.5,27505.0,27714.0,27930.0,28047.0,28068.5,28183.0,28305.5,28475.0,28883.5,29311.5
"0191 Sigtuna","totalt ålder","män",18347.0,18624.5,18987.0,19362.5,19781.0,20324.0,20923.5,21481.0,21971.5,22387.0,23062.5
"0191 Sigtuna","totalt ålder","kvinnor",18496.5,18760.0,19095.5,19433.0,19823.5,20335.5,20877.0,21341.0,21757.0,22048.5,22467.5
"0192 Nynäshamn","totalt ålder","män",12443.0,12647.0,12800.5,12917.5,13065.5,13206.5,13372.0,13518.5,13624.0,13784.5,13966.5
"0192 Nynäshamn","totalt ålder","kvinnor",12377.0,12525.5,12625.5,12722.5,12841.0,12933.5,13038.0,13165.5,13294.5,13486.0,13659.5
"0305 Håbo","totalt ålder","män",9394.0,9485.5,9651.5,9791.5,9895.0,9968.5,10028.0,10078.5,10111.5,10197.5,10381.5
"0305 Håbo","totalt ålder","kvinnor",9209.0,9298.5,9426.5,9547.0,9645.5,9703.5,9771.0,9847.0,9889.5,9959.0,10126.5
"0319 Älvkarleby","totalt ålder","män",4600.5,4610.5,4608.0,4616.0,4638.0,4648.0,4637.5,4648.5,4681.0,4728.0,4790.5
"0319 Älvkarleby","totalt ålder","kvinnor",4494.5,4492.0,4471.5,4450.0,4447.5,4448.0,4436.5,4447.0,4469.5,4503.0,4578.5
"0330 Knivsta","totalt ålder","män",6731.5,6907.0,7085.5,7222.0,7344.5,7475.5,7618.0,7762.0,7973.5,8317.0,8643.5
"0330 Knivsta","totalt ålder","kvinnor",6729.0,6868.5,7021.0,7146.0,7256.0,7369.0,7504.0,7667.5,7869.0,8170.0,8452.5
"0331 Heby","totalt ålder","män",6952.0,6924.5,6894.5,6849.0,6845.0,6861.0,6851.0,6858.5,6892.5,6935.0,6981.5
"0331 Heby","totalt ålder","kvinnor",6630.0,6586.5,6555.0,6532.0,6523.5,6520.5,6521.5,6548.5,6577.5,6607.0,6693.0
"0360 Tierp","totalt ålder","män",10052.0,10071.0,10140.5,10148.0,10147.5,10167.0,10183.0,10199.5,10212.0,10307.0,10438.5
"0360 Tierp","totalt ålder","kvinnor",9947.5,9934.5,9970.0,9950.5,9937.0,9934.0,9933.5,9950.5,9982.5,10089.0,10207.0
"0380 Uppsala","totalt ålder","män",89934.0,91149.0,92632.0,94522.5,96462.5,97911.5,99145.5,100447.0,101694.5,102938.0,104708.5
"0380 Uppsala","totalt ålder","kvinnor",94313.5,95215.0,96472.5,98187.0,99806.5,100982.5,102167.5,103465.0,104586.0,105806.0,107634.0
"0381 Enköping","totalt ålder","män",19142.0,19241.0,19391.0,19549.0,19753.5,19925.5,20111.5,20326.5,20558.5,20914.0,21444.5
"0381 Enköping","totalt ålder","kvinnor",19312.0,19386.0,19482.0,19620.0,19806.0,19961.5,20070.5,20176.0,20351.0,20614.0,20996.0
"0382 Östhammar","totalt ålder","män",10978.0,10922.5,10930.5,10931.5,10939.0,10951.5,10925.0,10921.5,10953.0,11018.0,11140.0
"0382 Östhammar","totalt ålder","kvinnor",10543.5,10505.5,10497.0,10481.0,10443.0,10428.5,10399.5,10385.5,10410.0,10450.5,10552.5
"0428 Vingåker","totalt ålder","män",4659.0,4625.0,4583.0,4543.5,4511.0,4489.5,4470.5,4475.0,4513.0,4560.0,4623.0
"0428 Vingåker","totalt ålder","kvinnor",4581.5,4522.0,4458.0,4412.0,4391.0,4369.0,4329.0,4330.0,4364.0,4376.0,4403.0
"0461 Gnesta","totalt ålder","män",4998.0,5015.0,5051.5,5105.0,5133.0,5139.0,5189.0,5223.0,5227.5,5299.5,5417.0
"0461 Gnesta","totalt ålder","kvinnor",4971.5,4991.0,5053.5,5143.5,5206.0,5213.5,5204.5,5202.5,5233.5,5281.5,5338.0
"0480 Nyköping","totalt ålder","män",24578.5,24812.5,25011.0,25122.5,25308.0,25499.5,25656.5,25952.0,26319.5,26645.5,26999.0
"0480 Nyköping","totalt ålder","kvinnor",25425.0,25663.0,25855.5,25968.5,26118.5,26270.5,26459.5,26735.0,26953.5,27239.5,27594.0
"0481 Oxelösund","totalt ålder","män",5635.0,5645.0,5661.5,5655.0,5653.5,5679.5,5700.0,5747.0,5837.0,5915.0,6010.0
"0481 Oxelösund","totalt ålder","kvinnor",5487.5,5484.5,5497.5,5493.0,5506.0,5542.0,5543.0,5572.5,5640.0,5711.0,5801.0
"0482 Flen","totalt ålder","män",8199.5,8180.0,8187.0,8182.5,8156.0,8140.5,8143.5,8183.5,8263.5,8357.5,8526.5
"0482 Flen","totalt ålder","kvinnor",8117.5,8026.5,7975.0,7953.5,7927.5,7905.0,7897.5,7904.0,7935.5,7983.5,8108.5
"0483 Katrineholm","totalt ålder","män",15809.0,15863.5,15916.5,15937.0,16004.5,16041.0,16111.5,16285.5,16503.5,16672.0,16799.0
"0483 Katrineholm","totalt ålder","kvinnor",16298.0,16232.0,16268.0,16318.0,16361.0,16377.5,16367.5,16454.0,16595.5,16693.0,16793.0
"0484 Eskilstuna","totalt ålder","män",45499.5,46012.0,46700.0,47233.0,47645.5,48219.5,48842.5,49380.0,49956.5,50620.0,51457.0
"0484 Eskilstuna","totalt ålder","kvinnor",46443.0,46784.5,47364.0,47948.0,48298.5,48734.0,49338.0,49867.0,50369.5,50874.0,51417.5
"0486 Strängnäs","totalt ålder","män",15339.5,15517.0,15661.5,15830.5,16008.0,16175.5,16359.0,16549.5,16763.5,16950.5,17154.5
"0486 Strängnäs","totalt ålder","kvinnor",15564.0,15776.5,15913.5,16039.0,16213.5,16377.5,16520.5,16681.0,16870.0,17039.5,17201.0
"0488 Trosa","totalt ålder","män",5403.0,5450.5,5563.5,5671.0,5700.5,5711.5,5738.0,5792.0,5869.0,5968.5,6120.0
"0488 Trosa","totalt ålder","kvinnor",5488.0,5544.0,5636.5,5733.0,5753.5,5766.0,5773.0,5812.5,5903.0,6002.5,6142.5
"0509 Ödeshög","totalt ålder","män",2712.5,2681.0,2655.0,2637.0,2626.0,2605.5,2592.0,2587.0,2613.0,2638.5,2671.0
"0509 Ödeshög","totalt ålder","kvinnor",2762.0,2721.0,2705.5,2695.0,2673.0,2659.0,2630.5,2600.0,2594.0,2599.5,2614.5
"0512 Ydre","totalt ålder","män",1992.0,1962.5,1943.5,1929.5,1911.0,1906.0,1892.0,1879.0,1879.5,1884.0,1897.0
"0512 Ydre","totalt ålder","kvinnor",1852.0,1828.5,1799.5,1769.5,1761.0,1763.0,1747.0,1735.5,1759.0,1775.0,1769.5
"0513 Kinda","totalt ålder","män",4968.5,4983.5,4995.5,4965.0,4937.5,4945.5,4941.0,4929.0,4929.5,4923.5,4955.0
"0513 Kinda","totalt ålder","kvinnor",4963.5,4949.0,4920.5,4883.0,4849.0,4835.0,4830.5,4844.0,4869.0,4871.5,4879.5
"0560 Boxholm","totalt ålder","män",2699.0,2687.0,2683.5,2680.5,2668.5,2655.5,2653.0,2661.5,2685.5,2710.5,2731.5
"0560 Boxholm","totalt ålder","kvinnor",2535.0,2537.5,2558.0,2573.5,2566.0,2557.5,2552.5,2580.5,2614.5,2614.5,2619.0
"0561 Åtvidaberg","totalt ålder","män",5876.5,5875.0,5830.0,5797.5,5803.0,5798.5,5773.5,5760.5,5763.5,5805.5,5845.0
"0561 Åtvidaberg","totalt ålder","kvinnor",5872.5,5841.5,5770.5,5723.0,5698.0,5712.0,5708.0,5692.5,5702.5,5703.0,5736.0
"0562 Finspång","totalt ålder","män",10550.5,10524.0,10474.5,10469.5,10496.5,10528.5,10568.0,10615.0,10696.0,10772.0,10893.0
"0562 Finspång","totalt ålder","kvinnor",10299.5,10233.5,10171.5,10191.5,10243.5,10226.5,10209.0,10232.0,10330.5,10402.5,10469.5
"0563 Valdemarsvik","totalt ålder","män",4052.0,4001.5,3957.5,3917.0,3898.5,3885.5,3860.5,3859.5,3893.0,3946.0,4004.0
"0563 Valdemarsvik","totalt ålder","kvinnor",4028.0,3992.0,3943.0,3914.5,3887.0,3825.5,3769.0,3731.5,3728.0,3756.0,3774.0
"0580 Linköping","totalt ålder","män",69451.0,70238.5,71205.0,72444.0,73671.5,74348.5,74907.5,75668.5,76522.5,77194.5,78258.5
"0580 Linköping","totalt ålder","kvinnor",68657.0,69235.0,69910.0,70832.5,71881.5,72526.5,73020.0,73693.0,74519.0,75229.0,76133.0
"0581 Norrköping","totalt ålder","män",61765.0,62323.0,63049.0,63797.0,64352.0,64703.5,65234.0,66005.0,66813.0,67696.5,68872.5
"0581 Norrköping","totalt ålder","kvinnor",63287.5,63748.5,64321.0,64860.0,65300.0,65633.0,66139.5,66931.5,67703.0,68462.5,69326.5
"0582 Söderköping","totalt ålder","män",6990.0,6990.5,6988.5,7017.5,7038.0,7030.5,7066.0,7110.0,7142.5,7166.0,7221.5
"0582 Söderköping","totalt ålder","kvinnor",7048.0,7045.0,7001.0,6983.0,6995.0,7003.0,7027.0,7059.0,7089.0,7088.0,7099.5
"0583 Motala","totalt ålder","män",20896.5,20970.5,21004.5,20959.5,20981.5,21008.5,20986.0,21097.5,21314.0,21546.5,21777.0
"0583 Motala","totalt ålder","kvinnor",21039.0,21039.0,21002.0,20938.5,20917.5,20883.0,20861.5,20929.5,21057.5,21183.0,21303.5
"0584 Vadstena","totalt ålder","män",3690.5,3691.0,3677.5,3645.5,3615.0,3590.5,3582.0,3588.5,3605.5,3634.5,3636.5
"0584 Vadstena","totalt ålder","kvinnor",3843.5,3847.5,3828.0,3802.0,3790.5,3763.5,3745.5,3772.0,3782.5,3765.5,3741.0
"0586 Mjölby","totalt ålder","män",12656.5,12729.5,12814.5,12858.5,12935.5,13051.0,13145.5,13224.0,13297.0,13381.0,13467.0
"0586 Mjölby","totalt ålder","kvinnor",12646.5,12712.0,12780.0,12853.5,12877.5,12913.5,12988.5,13030.0,13073.5,13134.0,13188.0
"0604 Aneby","totalt ålder","män",3333.0,3311.0,3317.0,3317.0,3293.0,3281.5,3281.5,3279.0,3289.5,3319.5,3354.5
"0604 Aneby","totalt ålder","kvinnor",3230.5,3217.5,3197.5,3167.5,3126.5,3122.5,3129.5,3112.0,3111.0,3162.0,3215.5
"0617 Gnosjö","totalt ålder","män",4936.0,4912.5,4925.5,4902.0,4887.5,4852.0,4791.0,4796.5,4853.0,4894.0,4941.0
"0617 Gnosjö","totalt ålder","kvinnor",4739.5,4715.0,4732.0,4695.0,4653.5,4621.0,4586.0,4583.5,4604.5,4617.5,4623.5
"0642 Mullsjö","totalt ålder","män",3553.5,3543.5,3545.5,3541.5,3528.0,3526.5,3525.0,3520.5,3531.5,3563.5,3604.5
"0642 Mullsjö","totalt ålder","kvinnor",3527.5,3517.0,3520.5,3515.0,3502.0,3507.0,3527.0,3534.0,3542.5,3569.5,3587.0
"0643 Habo","totalt ålder","män",5046.5,5174.5,5283.0,5357.0,5403.0,5446.5,5491.5,5526.5,5580.0,5675.5,5808.5
"0643 Habo","totalt ålder","kvinnor",4935.5,5074.0,5167.5,5243.0,5304.5,5338.0,5362.0,5400.5,5462.5,5536.5,5641.5
"0662 Gislaved","totalt ålder","män",14897.5,14856.5,14854.5,14801.0,14725.5,14646.0,14556.5,14519.0,14526.0,14685.5,14922.5
"0662 Gislaved","totalt ålder","kvinnor",14510.5,14472.0,14500.5,14495.0,14436.0,14343.5,14243.5,14203.5,14199.0,14319.0,14452.5
"0665 Vaggeryd","totalt ålder","män",6388.0,6467.0,6503.0,6501.0,6516.0,6571.0,6604.5,6631.0,6654.5,6696.5,6801.5
"0665 Vaggeryd","totalt ålder","kvinnor",6352.5,6410.5,6457.0,6469.0,6459.0,6504.5,6549.5,6547.5,6564.5,6604.0,6706.5
"0680 Jönköping","totalt ålder","män",59683.5,60461.5,61259.5,61930.5,62560.0,63176.5,63834.5,64560.5,65332.5,66029.5,66898.5
"0680 Jönköping","totalt ålder","kvinnor",61896.0,62490.0,63172.0,63812.0,64296.5,64667.0,65057.0,65577.5,66136.5,66695.5,67405.0
"0682 Nässjö","totalt ålder","män",14673.0,14720.0,14781.5,14782.5,14735.5,14748.5,14801.5,14866.0,15052.5,15352.0,15631.0
"0682 Nässjö","totalt ålder","kvinnor",14668.5,14695.0,14704.5,14717.5,14678.5,14604.5,14573.0,14583.0,14659.0,14827.0,15004.5
"0683 Värnamo","totalt ålder","män",16263.0,16350.5,16353.0,16323.5,16345.5,16404.5,16458.5,16539.0,16666.0,16794.0,16971.0
"0683 Värnamo","totalt ålder","kvinnor",16507.5,16535.0,16523.5,16464.5,16447.5,16479.0,16514.5,16544.5,16578.5,16609.5,16718.5
"0684 Sävsjö","totalt ålder","män",5531.0,5534.5,5530.0,5520.0,5503.0,5503.5,5499.5,5537.5,5636.5,5718.5,5811.0
"0684 Sävsjö","totalt ålder","kvinnor",5456.0,5426.5,5380.0,5357.0,5347.5,5347.0,5358.0,5369.0,5398.0,5445.5,5501.0
"0685 Vetlanda","totalt ålder","män",13389.5,13376.5,13363.5,13356.5,13351.5,13358.0,13372.5,13402.5,13509.0,13633.5,13787.5
"0685 Vetlanda","totalt ålder","kvinnor",13030.0,12996.0,12990.5,12990.0,12975.5,12945.0,12927.0,12955.5,13024.0,13126.5,13269.5
"0686 Eksjö","totalt ålder","män",8234.5,8212.0,8156.0,8126.5,8115.0,8114.5,8152.0,8186.0,8244.5,8350.5,8503.0
"0686 Eksjö","totalt ålder","kvinnor",8311.0,8263.5,8217.5,8206.0,8183.5,8159.5,8184.0,8230.0,8286.5,8343.5,8456.5
"0687 Tranås","totalt ålder","män",8814.5,8866.0,8939.5,8972.0,9002.0,9033.0,9058.0,9101.5,9184.5,9291.5,9399.0
"0687 Tranås","totalt ålder","kvinnor",8950.5,8976.5,9053.5,9082.5,9079.0,9080.5,9068.5,9069.5,9122.0,9189.5,9271.0
"0760 Uppvidinge","totalt ålder","män",4851.0,4880.0,4841.5,4804.5,4784.5,4771.5,4788.5,4826.0,4814.5,4815.5,4910.0
"0760 Uppvidinge","totalt ålder","kvinnor",4636.0,4616.0,4574.0,4529.0,4497.5,4458.5,4457.5,4456.0,4440.5,4455.0,4503.5
"0761 Lessebo","totalt ålder","män",4063.0,4069.0,4077.0,4115.5,4146.0,4135.5,4099.0,4105.0,4191.0,4321.5,4465.5
"0761 Lessebo","totalt ålder","kvinnor",4050.0,4015.5,4000.5,4009.5,4006.0,3972.5,3945.5,3930.5,3966.5,4064.5,4172.5
"0763 Tingsryd","totalt ålder","män",6498.0,6443.5,6375.0,6302.0,6234.0,6200.5,6176.0,6156.5,6166.0,6192.0,6260.5
"0763 Tingsryd","totalt ålder","kvinnor",6254.5,6212.5,6176.0,6128.0,6060.5,6032.5,6012.0,5992.0,6011.0,6037.0,6066.0
"0764 Alvesta","totalt ålder","män",9489.5,9530.5,9562.5,9556.0,9568.5,9621.0,9693.5,9794.0,9909.0,9990.5,10090.0
"0764 Alvesta","totalt ålder","kvinnor",9223.0,9228.0,9213.0,9210.0,9211.0,9238.5,9282.0,9363.0,9482.5,9551.5,9625.5
"0765 Älmhult","totalt ålder","män",7707.5,7701.5,7715.5,7774.0,7818.5,7823.0,7854.0,7907.0,7985.5,8113.0,8309.5
"0765 Älmhult","totalt ålder","kvinnor",7649.5,7671.5,7679.0,7716.5,7768.0,7793.0,7822.5,7834.5,7848.0,7925.0,8083.5
"0767 Markaryd","totalt ålder","män",4807.0,4829.5,4832.5,4817.0,4828.0,4824.5,4782.5,4788.5,4824.5,4917.0,5046.5
"0767 Markaryd","totalt ålder","kvinnor",4785.0,4797.5,4788.0,4762.5,4761.0,4741.5,4712.5,4707.5,4707.5,4747.0,4838.5
"0780 Växjö","totalt ålder","män",38814.0,39449.0,40154.0,40829.0,41337.0,41796.0,42257.0,42778.5,43387.5,44023.0,44686.0
"0780 Växjö","totalt ålder","kvinnor",39104.0,39568.5,40164.0,40719.5,41177.0,41561.5,41998.0,42532.5,43008.5,43516.0,44118.0
"0781 Ljungby","totalt ålder","män",13644.5,13733.0,13839.5,13855.0,13806.0,13806.5,13844.5,13831.0,13879.5,13984.5,14124.5
"0781 Ljungby","totalt ålder","kvinnor",13462.5,13465.5,13513.5,13565.0,13547.5,13520.5,13545.5,13519.0,13520.0,13595.5,13698.5
"0821 Högsby","totalt ålder","män",3076.5,3031.0,3001.5,3005.0,2978.5,2945.5,2928.0,2911.0,2921.5,2978.5,3069.5
"0821 Högsby","totalt ålder","kvinnor",2973.0,2951.0,2929.0,2896.5,2846.5,2827.0,2821.0,2813.0,2828.5,2841.0,2899.0
"0834 Torsås","totalt ålder","män",3681.5,3656.0,3644.0,3626.5,3616.5,3604.5,3577.5,3565.5,3590.0,3631.0,3691.5
"0834 Torsås","totalt ålder","kvinnor",3515.5,3487.5,3460.5,3433.5,3386.5,3319.5,3294.5,3303.0,3312.0,3303.0,3311.5
"0840 Mörbylånga","totalt ålder","män",6578.5,6642.0,6692.5,6737.0,6809.5,6880.0,6938.0,7003.5,7088.0,7198.5,7309.5
"0840 Mörbylånga","totalt ålder","kvinnor",6884.0,6922.0,6980.0,7048.5,7118.0,7199.5,7259.0,7308.5,7345.0,7385.0,7483.0
"0860 Hultsfred","totalt ålder","män",7272.5,7213.0,7153.0,7080.5,6996.0,6913.5,6883.5,6929.5,6998.5,7095.5,7337.0
"0860 Hultsfred","totalt ålder","kvinnor",7108.5,7038.0,6968.0,6870.0,6779.5,6692.0,6649.0,6663.0,6688.0,6733.0,6926.0
"0861 Mönsterås","totalt ålder","män",6577.0,6590.0,6550.0,6499.5,6488.0,6468.5,6453.5,6482.0,6563.0,6640.5,6733.0
"0861 Mönsterås","totalt ålder","kvinnor",6530.0,6522.5,6485.0,6468.5,6456.5,6412.5,6372.5,6392.0,6440.0,6460.0,6536.5
"0862 Emmaboda","totalt ålder","män",4821.0,4778.0,4749.5,4715.0,4689.5,4637.5,4586.0,4559.5,4571.0,4627.0,4720.5
"0862 Emmaboda","totalt ålder","kvinnor",4668.5,4631.5,4607.5,4562.0,4515.5,4475.5,4429.0,4418.0,4415.5,4422.5,4498.5
"0880 Kalmar","totalt ålder","män",29932.0,30090.0,30214.0,30507.0,30842.5,30959.0,31152.0,31424.0,31748.0,32227.0,32738.0
"0880 Kalmar","totalt ålder","kvinnor",31190.5,31337.0,31399.0,31533.5,31759.0,31976.0,32211.0,32355.0,32533.5,32963.0,33399.5
"0881 Nybro","totalt ålder","män",9900.0,9864.5,9848.0,9849.5,9885.0,9904.5,9871.0,9848.5,9945.0,10040.0,10207.0
"0881 Nybro","totalt ålder","kvinnor",9827.5,9797.0,9752.0,9717.0,9728.5,9739.0,9690.0,9639.0,9656.5,9694.0,9825.5
"0882 Oskarshamn","totalt ålder","män",13097.0,13118.5,13150.5,13156.0,13122.0,13126.0,13142.5,13166.0,13236.5,13331.0,13581.5
"0882 Oskarshamn","totalt ålder","kvinnor",13148.5,13150.5,13151.0,13114.5,13075.5,13038.5,13012.5,13012.0,13020.0,13044.5,13146.5
"0883 Västervik","totalt ålder","män",18075.5,18079.0,18063.5,18008.5,17966.0,17906.5,17866.0,17881.5,17925.0,17991.0,18156.0
"0883 Västervik","totalt ålder","kvinnor",18377.0,18350.0,18343.5,18314.5,18282.0,18204.0,18087.5,17998.0,17968.5,17993.5,18087.5
"0884 Vimmerby","totalt ålder","män",7839.5,7868.5,7873.0,7857.5,7845.5,7831.0,7831.5,7821.5,7803.0,7841.5,7955.5
"0884 Vimmerby","totalt ålder","kvinnor",7761.0,7729.5,7706.5,7687.0,7660.0,7604.0,7568.5,7523.5,7489.0,7516.5,7572.0
"0885 Borgholm","totalt ålder","män",5458.0,5427.5,5410.5,5393.0,5342.5,5299.0,5334.0,5342.5,5333.0,5367.5,5451.5
"0885 Borgholm","totalt ålder","kvinnor",5567.0,5530.5,5483.5,5437.5,5398.5,5350.0,5361.0,5351.0,5317.0,5313.5,5354.0
"0980 Gotland","totalt ålder","män",28298.0,28268.5,28238.0,28282.5,28354.5,28391.5,28381.5,28373.5,28421.5,28505.0,28732.5
"0980 Gotland","totalt ålder","kvinnor",29094.5,28941.0,28825.0,28830.0,28890.5,28897.0,28893.0,28827.5,28786.5,28818.0,28964.5
"1060 Olofström","totalt ålder","män",6760.0,6708.5,6641.5,6617.5,6597.0,6551.0,6535.5,6554.5,6604.0,6698.0,6820.5
"1060 Olofström","totalt ålder","kvinnor",6613.0,6568.0,6541.0,6517.0,6448.0,6381.0,6350.5,6344.5,6362.5,6402.5,6473.0
"1080 Karlskrona","totalt ålder","män",30839.5,31217.0,31582.0,31939.5,32385.5,32713.0,32620.0,32470.0,32627.5,33093.0,33711.0
"1080 Karlskrona","totalt ålder","kvinnor",30774.0,30874.0,30989.0,31133.5,31301.5,31410.5,31333.0,31331.5,31502.5,31771.0,32110.0
"1081 Ronneby","totalt ålder","män",14540.5,14607.0,14639.5,14642.0,14584.5,14393.5,14203.0,14161.5,14234.5,14456.0,14737.0
"1081 Ronneby","totalt ålder","kvinnor",13860.0,13860.0,13850.5,13810.5,13750.5,13688.5,13646.0,13668.0,13811.5,14003.0,14215.0
"1082 Karlshamn","totalt ålder","män",15625.5,15617.5,15547.0,15518.0,15551.0,15614.0,15631.0,15664.0,15791.5,15957.0,16112.5
"1082 Karlshamn","totalt ålder","kvinnor",15467.0,15498.0,15458.5,15420.5,15479.5,15550.0,15527.5,15538.0,15643.5,15765.0,15875.5
"1083 Sölvesborg","totalt ålder","män",8305.5,8386.5,8460.0,8486.0,8495.0,8485.0,8479.0,8480.0,8518.0,8614.5,8738.0
"1083 Sölvesborg","totalt ålder","kvinnor",8281.0,8331.5,8370.5,8340.5,8316.5,8316.5,8321.5,8324.0,8361.5,8445.0,8560.5
"1214 Svalöv","totalt ålder","män",6677.0,6723.0,6766.5,6795.5,6803.0,6812.5,6843.0,6881.0,6949.0,7055.0,7207.0
"1214 Svalöv","totalt ålder","kvinnor",6356.5,6376.0,6397.0,6441.5,6463.0,6433.5,6419.5,6422.5,6447.0,6502.5,6580.0
"1230 Staffanstorp","totalt ålder","män",10311.0,10459.5,10672.5,10826.5,10960.5,11054.5,11117.5,11191.0,11294.0,11392.5,11539.5
"1230 Staffanstorp","totalt ålder","kvinnor",10410.0,10564.5,10765.0,10981.5,11143.5,11223.0,11297.5,11412.0,11539.0,11664.0,11820.0
"1231 Burlöv","totalt ålder","män",7679.0,7880.0,8053.5,8201.5,8328.0,8403.0,8477.5,8560.0,8624.0,8697.0,8809.5
"1231 Burlöv","totalt ålder","kvinnor",7812.0,7927.0,8037.5,8168.0,8277.0,8369.0,8449.5,8502.5,8538.5,8623.5,8728.5
"1233 Vellinge","totalt ålder","män",15818.0,16030.5,16166.5,16350.0,16510.5,16579.0,16618.0,16661.5,16746.5,16975.0,17318.0
"1233 Vellinge","totalt ålder","kvinnor",16178.0,16387.0,16537.5,16652.5,16722.0,16827.5,16944.5,17049.5,17212.0,17413.5,17644.0
"1256 Östra Göinge","totalt ålder","män",7043.0,6997.5,6943.0,6877.0,6891.5,6926.0,6940.5,6954.5,7016.5,7166.5,7359.0
"1256 Östra Göinge","totalt ålder","kvinnor",6895.5,6859.5,6802.0,6717.0,6666.5,6670.5,6671.0,6699.0,6759.0,6816.5,6895.0
"1257 Örkelljunga","totalt ålder","män",4835.0,4833.5,4850.5,4862.0,4874.0,4876.0,4886.5,4889.0,4913.0,4975.5,5065.0
"1257 Örkelljunga","totalt ålder","kvinnor",4706.0,4719.5,4734.0,4753.5,4761.0,4771.0,4772.5,4765.0,4780.0,4806.5,4829.5
"1260 Bjuv","totalt ålder","män",7106.5,7219.0,7318.0,7409.0,7473.0,7475.5,7471.5,7465.0,7487.0,7569.0,7684.0
"1260 Bjuv","totalt ålder","kvinnor",6996.5,7115.5,7223.5,7304.0,7354.0,7370.5,7387.0,7368.5,7360.5,7359.0,7398.0
"1261 Kävlinge","totalt ålder","män",13565.5,13817.5,14032.5,14259.5,14440.5,14607.0,14704.0,14771.5,14865.5,14986.0,15196.5
"1261 Kävlinge","totalt ålder","kvinnor",13471.0,13740.0,13968.0,14187.0,14385.0,14530.0,14640.0,14742.0,14838.5,14970.0,15121.5
"1262 Lomma","totalt ålder","män",9457.0,9779.5,10039.0,10269.5,10524.0,10777.0,10991.5,11127.0,11302.0,11528.0,11782.0
"1262 Lomma","totalt ålder","kvinnor",9687.0,9949.0,10197.0,10487.5,10788.0,11011.0,11166.0,11270.0,11419.0,11607.0,11823.5
"1263 Svedala","totalt ålder","män",9450.5,9558.5,9659.5,9772.0,9877.5,9921.5,9955.0,10029.0,10099.0,10207.5,10371.0
"1263 Svedala","totalt ålder","kvinnor",9401.5,9510.0,9610.0,9735.5,9846.0,9892.0,9933.0,9990.0,10058.5,10147.5,10245.5
"1264 Skurup","totalt ålder","män",7281.5,7369.5,7395.0,7409.0,7449.5,7466.5,7468.5,7488.5,7538.0,7574.5,7645.0
"1264 Skurup","totalt ålder","kvinnor",7277.5,7376.0,7391.0,7416.5,7474.5,7497.0,7482.0,7501.5,7558.0,7583.5,7633.5
"1265 Sjöbo","totalt ålder","män",8931.5,9063.0,9156.5,9206.5,9206.5,9188.0,9261.5,9356.0,9382.5,9417.5,9509.5
"1265 Sjöbo","totalt ålder","kvinnor",8679.5,8805.0,8897.5,8916.5,8926.0,8939.5,8955.0,8989.5,9025.5,9047.0,9118.5
"1266 Hörby","totalt ålder","män",7220.5,7298.5,7353.5,7405.0,7423.0,7450.0,7475.5,7476.5,7469.0,7502.0,7609.5
"1266 Hörby","totalt ålder","kvinnor",7186.5,7263.5,7317.0,7354.5,7378.0,7420.5,7454.0,7461.0,7453.0,7471.5,7542.0
"1267 Höör","totalt ålder","män",7319.0,7411.5,7487.0,7579.5,7685.5,7733.5,7738.0,7766.5,7821.0,7919.5,8058.0
"1267 Höör","totalt ålder","kvinnor",7371.5,7439.0,7494.5,7570.5,7675.0,7742.5,7771.0,7815.0,7882.5,7950.5,8023.0
"1270 Tomelilla","totalt ålder","män",6342.5,6352.5,6383.0,6445.0,6476.5,6477.5,6495.0,6494.5,6509.0,6575.5,6674.5
"1270 Tomelilla","totalt ålder","kvinnor",6358.0,6393.0,6411.0,6431.0,6448.5,6444.5,6428.5,6409.5,6440.0,6494.0,6556.5
"1272 Bromölla","totalt ålder","män",6085.5,6098.0,6120.0,6146.0,6149.5,6168.5,6178.0,6185.5,6228.5,6295.0,6389.5
"1272 Bromölla","totalt ålder","kvinnor",6036.0,6065.0,6070.5,6096.5,6129.0,6150.5,6130.0,6107.5,6139.5,6161.5,6179.5
"1273 Osby","totalt ålder","män",6327.5,6336.5,6340.0,6331.0,6338.5,6355.5,6345.0,6357.0,6410.0,6484.5,6579.5
"1273 Osby","totalt ålder","kvinnor",6289.5,6292.0,6295.5,6321.0,6351.5,6356.0,6323.0,6318.0,6360.5,6406.5,6472.0
"1275 Perstorp","totalt ålder","män",3474.5,3498.0,3532.0,3558.5,3591.5,3642.0,3651.0,3659.0,3693.0,3713.0,3752.5
"1275 Perstorp","totalt ålder","kvinnor",3417.5,3416.0,3419.0,3419.0,3430.5,3468.0,3476.5,3458.5,3463.5,3479.5,3522.0
"1276 Klippan","totalt ålder","män",8100.0,8151.5,8215.0,8245.5,8304.5,8382.0,8428.0,8449.0,8473.5,8545.0,8695.5
"1276 Klippan","totalt ålder","kvinnor",7977.0,8028.5,8080.0,8113.5,8144.0,8176.0,8202.5,8238.5,8250.5,8280.0,8372.5
"1277 Åstorp","totalt ålder","män",6907.0,7092.5,7259.5,7381.5,7449.0,7494.0,7518.5,7537.0,7602.5,7690.0,7838.5
"1277 Åstorp","totalt ålder","kvinnor",6806.0,6966.5,7123.5,7218.5,7253.0,7269.0,7279.0,7329.5,7391.5,7437.0,7522.0
"1278 Båstad","totalt ålder","män",6955.5,6995.5,6999.0,7025.5,7067.5,7052.5,7035.0,7046.5,7090.5,7137.5,7226.0
"1278 Båstad","totalt ålder","kvinnor",7151.5,7210.5,7223.5,7210.5,7206.0,7201.5,7211.5,7222.5,7256.5,7258.5,7267.5
"1280 Malmö","totalt ålder","män",133202.5,135997.0,138893.5,142275.5,145441.0,147661.0,149794.0,152363.5,155156.5,157778.5,160569.5
"1280 Malmö","totalt ålder","kvinnor",140555.0,142525.5,144774.5,147946.5,150995.0,153238.0,155502.5,158012.5,160394.0,162562.0,164964.5
"1281 Lund","totalt ålder","män",50782.5,51655.0,52766.0,53874.5,54742.5,55331.5,55884.5,56558.0,57294.0,57874.0,58512.0
"1281 Lund","totalt ålder","kvinnor",51989.0,52631.0,53552.5,54374.5,55075.0,55745.5,56423.5,57062.5,57835.5,58527.0,59176.0
"1282 Landskrona","totalt ålder","män",19638.0,19962.0,20223.0,20435.0,20635.5,20867.0,21078.5,21321.5,21583.0,21823.5,22111.0
"1282 Landskrona","totalt ålder","kvinnor",20044.0,20256.5,20416.5,20608.0,20839.5,21089.5,21296.0,21495.0,21740.5,21944.0,22175.0
"1283 Helsingborg","totalt ålder","män",59741.5,60671.5,61572.0,62420.5,63042.5,63674.5,64450.0,65066.5,65972.0,67313.0,68732.0
"1283 Helsingborg","totalt ålder","kvinnor",62984.0,63516.0,64298.0,65136.0,65725.5,66227.0,66868.5,67433.5,68194.5,69313.5,70496.0
"1284 Höganäs","totalt ålder","män",11582.5,11718.5,11822.5,11932.0,12048.0,12101.5,12123.5,12235.0,12395.0,12553.0,12729.5
"1284 Höganäs","totalt ålder","kvinnor",12087.0,12242.5,12334.0,12432.0,12510.5,12566.0,12657.0,12738.5,12796.0,12901.0,12999.0
"1285 Eslöv","totalt ålder","män",15191.5,15364.0,15535.5,15669.0,15817.5,15939.5,15996.0,16047.0,16158.5,16318.0,16501.5
"1285 Eslöv","totalt ålder","kvinnor",15070.5,15242.0,15413.5,15527.0,15610.5,15718.0,15740.0,15785.0,15891.0,15990.5,16156.5
"1286 Ystad","totalt ålder","män",13203.0,13373.0,13520.0,13617.0,13708.0,13779.5,13837.5,13901.0,13957.5,14055.5,14264.5
"1286 Ystad","totalt ålder","kvinnor",14056.0,14185.5,14274.5,14372.5,14515.5,14603.0,14655.0,14689.5,14739.5,14822.5,14952.0
"1287 Trelleborg","totalt ålder","män",19854.0,20170.0,20491.0,20747.5,20956.0,21131.0,21220.0,21298.0,21419.0,21589.5,21855.5
"1287 Trelleborg","totalt ålder","kvinnor",20221.0,20499.5,20797.5,20977.0,21099.0,21249.5,21353.5,21423.0,21486.0,21576.5,21780.5
"1290 Kristianstad","totalt ålder","män",37301.0,37741.5,38147.0,38538.5,38939.5,39270.0,39583.0,39917.0,40329.5,40785.5,41201.0
"1290 Kristianstad","totalt ålder","kvinnor",38926.5,39151.0,39464.0,39844.0,40226.0,40466.5,40635.5,40841.0,41088.0,41382.5,41649.5
"1291 Simrishamn","totalt ålder","män",9483.0,9448.0,9450.0,9477.0,9466.0,9419.0,9329.5,9276.5,9268.0,9309.0,9486.5
"1291 Simrishamn","totalt ålder","kvinnor",9938.5,9914.0,9881.0,9865.0,9846.5,9803.0,9742.5,9697.5,9660.0,9676.0,9788.5
"1292 Ängelholm","totalt ålder","män",18720.5,18810.5,18865.0,18961.5,19100.5,19249.5,19352.5,19427.5,19568.5,19791.0,20076.5
"1292 Ängelholm","totalt ålder","kvinnor",19794.0,19905.0,19936.5,20007.0,20138.0,20260.5,20331.5,20376.5,20479.0,20689.5,20957.5
"1293 Hässleholm","totalt ålder","män",24564.0,24738.0,24900.0,24971.0,25034.0,25095.5,25104.5,25131.5,25271.0,25528.5,25868.5
"1293 Hässleholm","totalt ålder","kvinnor",24700.5,24842.5,24993.0,25050.0,25037.5,25040.0,25059.0,25063.5,25125.0,25278.0,25489.0
"1315 Hylte","totalt ålder","män",5275.5,5236.0,5215.5,5231.5,5202.5,5164.0,5134.0,5115.5,5201.5,5348.0,5534.5
"1315 Hylte","totalt ålder","kvinnor",5094.0,5078.0,5049.5,5043.5,5024.5,4987.5,4945.0,4901.0,4938.0,5048.0,5199.5
"1380 Halmstad","totalt ålder","män",43586.5,43952.0,44304.0,44695.5,45128.5,45423.0,45797.0,46274.0,46896.0,47729.0,48620.5
"1380 Halmstad","totalt ålder","kvinnor",45004.5,45390.5,45680.0,45968.5,46315.0,46624.0,46965.5,47383.5,47912.0,48513.0,49124.5
"1381 Laholm","totalt ålder","män",11639.5,11667.0,11695.0,11747.5,11802.0,11819.0,11818.5,11846.0,11943.5,12127.5,12368.0
"1381 Laholm","totalt ålder","kvinnor",11455.5,11504.0,11528.5,11554.0,11565.5,11611.0,11645.5,11641.5,11705.5,11860.5,12061.5
"1382 Falkenberg","totalt ålder","män",19872.0,20047.0,20192.0,20311.5,20450.0,20590.0,20669.5,20830.0,21127.0,21432.0,21841.0
"1382 Falkenberg","totalt ålder","kvinnor",19867.5,19972.0,20115.5,20283.5,20423.5,20566.0,20694.0,20837.5,21045.5,21259.0,21567.0
"1383 Varberg","totalt ålder","män",27403.5,27752.5,28095.0,28446.5,28793.5,29087.0,29340.0,29661.5,30011.0,30329.0,30726.0
"1383 Varberg","totalt ålder","kvinnor",27734.5,28034.0,28298.5,28609.5,28968.0,29243.0,29541.0,29899.5,30168.0,30397.0,30723.0
"1384 Kungsbacka","totalt ålder","män",35027.5,35513.5,35898.0,36383.0,36973.0,37493.0,37979.0,38358.0,38676.5,39120.5,39721.5
"1384 Kungsbacka","totalt ålder","kvinnor",35403.0,35979.5,36411.0,36924.0,37508.5,37996.5,38391.0,38730.0,39128.0,39561.0,40071.5
"1401 Härryda","totalt ålder","män",16194.0,16452.0,16774.5,17028.5,17242.0,17436.0,17596.5,17818.0,18075.5,18305.5,18515.5
"1401 Härryda","totalt ålder","kvinnor",16028.0,16230.0,16500.0,16765.0,16993.0,17222.5,17442.0,17659.5,17936.0,18165.5,18364.0
"1402 Partille","totalt ålder","män",16668.5,16708.5,16760.5,16938.5,17276.0,17572.0,17768.0,17926.0,18135.5,18411.0,18622.5
"1402 Partille","totalt ålder","kvinnor",16910.0,16948.0,16990.0,17153.5,17457.0,17729.0,17909.5,18066.0,18202.0,18341.5,18524.0
"1407 Öckerö","totalt ålder","män",6158.0,6162.5,6166.0,6178.0,6238.0,6287.0,6299.0,6305.5,6334.5,6357.5,6377.0
"1407 Öckerö","totalt ålder","kvinnor",6072.0,6080.0,6087.0,6093.0,6132.5,6181.0,6214.0,6251.0,6275.0,6306.0,6350.5
"1415 Stenungsund","totalt ålder","män",11578.0,11702.5,11815.0,11918.0,12044.0,12222.0,12394.0,12482.5,12571.0,12720.5,12900.5
"1415 Stenungsund","totalt ålder","kvinnor",11490.5,11587.0,11708.0,11902.0,12093.5,12224.5,12340.5,12417.5,12532.5,12671.0,12761.0
"1419 Tjörn","totalt ålder","män",7672.0,7650.0,7656.0,7664.0,7659.0,7661.0,7663.5,7683.5,7715.5,7770.0,7877.5
"1419 Tjörn","totalt ålder","kvinnor",7316.0,7299.0,7297.5,7298.0,7299.0,7296.0,7303.0,7328.5,7377.0,7455.0,7572.0
"1421 Orust","totalt ålder","män",7728.5,7752.0,7784.5,7781.0,7746.5,7688.5,7654.0,7624.0,7621.5,7624.0,7635.0
"1421 Orust","totalt ålder","kvinnor",7458.0,7527.0,7565.5,7536.5,7518.0,7486.5,7452.0,7435.5,7423.5,7408.0,7416.5
"1427 Sotenäs","totalt ålder","män",4629.0,4619.5,4599.5,4551.5,4517.5,4500.0,4500.0,4503.0,4502.0,4519.0,4556.5
"1427 Sotenäs","totalt ålder","kvinnor",4668.0,4662.0,4625.5,4589.5,4564.5,4529.5,4505.5,4463.0,4427.5,4449.5,4479.0
"1430 Munkedal","totalt ålder","män",5225.5,5221.5,5227.0,5242.5,5253.5,5259.5,5258.0,5249.0,5274.5,5289.0,5329.5
"1430 Munkedal","totalt ålder","kvinnor",5039.5,5029.5,5023.5,5003.0,4960.0,4942.5,4940.0,4940.0,4949.5,4935.0,4953.5
"1435 Tanum","totalt ålder","män",6134.0,6138.5,6161.0,6197.0,6231.5,6236.0,6199.0,6193.0,6227.0,6282.0,6364.5
"1435 Tanum","totalt ålder","kvinnor",6118.5,6111.0,6097.5,6065.0,6080.0,6109.0,6096.0,6093.5,6097.5,6118.5,6166.0
"1438 Dals-Ed","totalt ålder","män",2511.5,2495.0,2464.5,2439.0,2419.5,2409.0,2410.5,2436.5,2469.0,2490.5,2496.0
"1438 Dals-Ed","totalt ålder","kvinnor",2384.0,2372.5,2347.0,2319.5,2291.0,2276.5,2261.5,2266.0,2283.0,2291.0,2292.0
"1439 Färgelanda","totalt ålder","män",3527.5,3513.5,3504.5,3490.0,3472.0,3446.5,3419.0,3396.0,3369.5,3349.5,3389.5
"1439 Färgelanda","totalt ålder","kvinnor",3274.0,3261.0,3252.5,3227.5,3200.5,3183.5,3158.5,3138.5,3141.5,3149.0,3171.5
"1440 Ale","totalt ålder","män",13508.5,13665.0,13809.0,13898.5,13907.0,13953.0,14067.5,14206.5,14377.0,14578.0,14879.5
"1440 Ale","totalt ålder","kvinnor",13094.0,13281.0,13398.5,13460.0,13511.0,13556.5,13642.0,13751.5,13871.5,14064.5,14326.0
"1441 Lerum","totalt ålder","män",18315.5,18614.5,18830.0,18985.0,19140.5,19278.5,19429.5,19571.5,19761.0,20019.0,20302.5
"1441 Lerum","totalt ålder","kvinnor",18483.5,18787.0,19068.0,19208.0,19300.0,19405.5,19499.5,19623.0,19784.0,19957.0,20134.0
"1442 Vårgårda","totalt ålder","män",5476.5,5527.0,5542.5,5520.0,5498.0,5505.0,5533.0,5556.5,5580.0,5612.0,5688.5
"1442 Vårgårda","totalt ålder","kvinnor",5349.5,5415.0,5439.5,5451.5,5457.0,5463.5,5479.0,5491.0,5497.0,5515.0,5541.5
"1443 Bollebygd","totalt ålder","män",4119.0,4134.0,4140.0,4171.5,4229.0,4266.5,4288.5,4316.5,4349.0,4404.0,4522.0
"1443 Bollebygd","totalt ålder","kvinnor",4013.5,4052.0,4072.5,4071.0,4085.0,4099.0,4143.0,4218.0,4258.0,4321.5,4428.5
"1444 Grästorp","totalt ålder","män",2917.5,2942.5,2947.0,2955.0,2949.0,2903.0,2862.0,2855.0,2864.5,2880.0,2895.5
"1444 Grästorp","totalt ålder","kvinnor",2868.0,2877.5,2894.0,2899.0,2867.5,2822.0,2794.5,2785.0,2771.0,2757.0,2787.0
"1445 Essunga","totalt ålder","män",2854.5,2834.5,2837.0,2836.0,2829.0,2799.5,2775.0,2769.5,2776.0,2789.5,2798.0
"1445 Essunga","totalt ålder","kvinnor",2829.5,2810.0,2794.5,2777.0,2753.5,2729.0,2722.5,2728.5,2740.0,2774.5,2807.0
"1446 Karlsborg","totalt ålder","män",3425.0,3430.5,3420.0,3406.5,3402.5,3392.5,3377.0,3393.5,3432.5,3438.5,3476.0
"1446 Karlsborg","totalt ålder","kvinnor",3464.0,3434.5,3400.0,3380.5,3365.5,3344.5,3333.5,3334.5,3339.0,3336.5,3362.5
"1447 Gullspång","totalt ålder","män",2830.5,2789.0,2750.0,2722.0,2699.0,2685.5,2669.0,2646.0,2644.5,2660.0,2682.5
"1447 Gullspång","totalt ålder","kvinnor",2720.0,2676.5,2648.0,2631.0,2614.0,2585.5,2567.0,2557.0,2568.0,2574.5,2585.5
"1452 Tranemo","totalt ålder","män",6020.0,6014.5,6025.0,5992.5,5942.0,5934.5,5936.0,5922.5,5945.5,5986.5,6050.5
"1452 Tranemo","totalt ålder","kvinnor",5753.0,5731.5,5710.5,5679.0,5662.5,5662.0,5653.5,5629.5,5640.0,5643.0,5647.0
"1460 Bengtsfors","totalt ålder","män",5138.0,5086.5,5044.5,5017.0,4995.5,4957.0,4919.5,4910.0,4912.0,4944.5,5074.5
"1460 Bengtsfors","totalt ålder","kvinnor",5014.5,4932.0,4882.5,4852.0,4820.5,4778.5,4714.5,4659.0,4641.0,4646.5,4708.5
"1461 Mellerud","totalt ålder","män",4911.0,4889.5,4838.0,4756.5,4700.0,4665.5,4617.0,4582.5,4595.0,4683.0,4794.5
"1461 Mellerud","totalt ålder","kvinnor",4719.5,4698.5,4659.5,4595.0,4520.0,4458.0,4390.0,4336.5,4319.0,4369.5,4451.5
"1462 Lilla Edet","totalt ålder","män",6603.5,6608.5,6607.5,6581.5,6517.0,6471.5,6488.0,6575.5,6696.0,6789.5,6978.5
"1462 Lilla Edet","totalt ålder","kvinnor",6259.0,6227.0,6225.5,6220.5,6158.5,6087.5,6072.0,6129.0,6234.0,6315.0,6474.5
"1463 Mark","totalt ålder","män",16706.5,16754.0,16810.5,16854.0,16888.0,16883.0,16873.0,16898.0,16941.5,16984.5,17106.5
"1463 Mark","totalt ålder","kvinnor",16837.5,16907.5,16957.5,16960.0,16945.0,16935.0,16904.0,16860.0,16878.5,16912.0,16955.5
"1465 Svenljunga","totalt ålder","män",5277.0,5270.0,5246.0,5226.5,5239.5,5250.5,5250.0,5251.5,5282.0,5347.0,5443.5
"1465 Svenljunga","totalt ålder","kvinnor",5140.5,5148.0,5126.0,5075.5,5050.0,5034.5,5010.5,5017.5,5050.0,5088.5,5149.0
"1466 Herrljunga","totalt ålder","män",4750.5,4750.0,4760.0,4771.5,4774.0,4759.0,4742.5,4724.0,4733.5,4740.5,4771.0
"1466 Herrljunga","totalt ålder","kvinnor",4523.5,4523.5,4532.0,4542.5,4557.0,4540.0,4540.5,4554.0,4591.5,4622.0,4646.5
"1470 Vara","totalt ålder","män",8141.0,8154.0,8150.0,8093.0,8057.5,8040.0,8004.5,7982.0,7980.5,7994.5,8043.0
"1470 Vara","totalt ålder","kvinnor",7843.5,7830.5,7788.0,7726.5,7709.0,7688.0,7621.0,7601.0,7622.5,7635.0,7682.0
"1471 Götene","totalt ålder","män",6566.5,6614.5,6657.0,6701.5,6731.5,6702.5,6664.5,6641.5,6635.0,6681.5,6755.0
"1471 Götene","totalt ålder","kvinnor",6352.5,6393.0,6413.5,6434.0,6473.0,6476.0,6448.5,6418.5,6419.0,6438.5,6462.5
"1472 Tibro","totalt ålder","män",5349.0,5355.5,5355.0,5347.0,5325.5,5339.0,5383.0,5421.0,5463.5,5512.5,5566.0
"1472 Tibro","totalt ålder","kvinnor",5277.0,5285.5,5281.5,5289.5,5260.0,5253.5,5266.0,5292.5,5345.5,5409.5,5459.0
"1473 Töreboda","totalt ålder","män",4765.0,4753.5,4731.5,4700.5,4666.0,4626.5,4609.5,4613.5,4652.0,4728.5,4822.0
"1473 Töreboda","totalt ålder","kvinnor",4654.0,4618.5,4584.5,4555.0,4518.0,4461.5,4426.5,4387.0,4380.0,4454.0,4542.0
"1480 Göteborg","totalt ålder","män",240504.0,242915.5,245844.0,249545.0,253086.5,256410.0,259374.5,262483.5,266416.0,270460.5,274770.0
"1480 Göteborg","totalt ålder","kvinnor",246845.5,248714.0,251005.5,254218.5,257454.0,260652.5,263857.0,267196.5,270792.0,274207.0,277645.0
"1481 Mölndal","totalt ålder","män",29014.0,29327.5,29544.5,29771.5,30081.0,30347.5,30555.0,30754.0,31109.0,31469.5,31889.5
"1481 Mölndal","totalt ålder","kvinnor",29572.0,29856.5,30076.5,30325.0,30596.0,30807.5,30943.0,31064.5,31343.5,31664.0,32013.0
"1482 Kungälv","totalt ålder","män",19345.5,19592.0,19942.5,20214.0,20441.0,20642.0,20783.0,20912.0,21046.5,21204.0,21444.0
"1482 Kungälv","totalt ålder","kvinnor",19455.5,19682.0,20016.0,20283.5,20543.0,20747.5,20862.5,21019.0,21175.0,21328.0,21565.5
"1484 Lysekil","totalt ålder","män",7315.0,7313.0,7317.5,7288.0,7247.5,7214.5,7191.5,7173.0,7128.0,7164.0,7261.5
"1484 Lysekil","totalt ålder","kvinnor",7329.0,7319.0,7328.5,7309.0,7280.5,7245.0,7205.5,7209.5,7206.0,7217.5,7255.5
"1485 Uddevalla","totalt ålder","män",24912.0,25038.5,25227.0,25407.5,25528.0,25666.5,25868.0,26108.0,26387.0,26723.0,27212.5
"1485 Uddevalla","totalt ålder","kvinnor",25498.5,25675.5,25826.5,25944.5,26165.0,26345.5,26475.0,26669.5,26884.0,27125.5,27459.5
"1486 Strömstad","totalt ålder","män",5746.0,5775.0,5795.0,5845.0,5896.0,5972.5,6099.5,6221.5,6339.0,6462.0,6583.0
"1486 Strömstad","totalt ålder","kvinnor",5792.0,5788.5,5787.5,5803.5,5853.0,5936.5,6053.0,6166.0,6248.0,6312.0,6383.5
"1487 Vänersborg","totalt ålder","män",18398.5,18410.5,18417.0,18395.5,18357.5,18385.0,18421.0,18548.0,18820.0,19111.0,19405.5
"1487 Vänersborg","totalt ålder","kvinnor",18588.5,18570.5,18548.0,18535.5,18506.5,18524.5,18544.0,18620.5,18809.5,19024.5,19262.5
"1488 Trollhättan","totalt ålder","män",26883.0,27144.5,27328.5,27449.0,27634.5,27787.5,27898.5,28153.0,28460.0,28607.5,28818.0
"1488 Trollhättan","totalt ålder","kvinnor",26683.0,26920.5,27065.0,27231.0,27426.0,27586.0,27725.5,28008.0,28291.0,28403.0,28604.5
"1489 Alingsås","totalt ålder","män",17802.0,18010.5,18230.0,18437.5,18581.5,18740.5,18883.5,19031.0,19288.5,19575.0,19813.0
"1489 Alingsås","totalt ålder","kvinnor",18443.5,18599.5,18763.0,18943.5,19074.0,19184.0,19320.5,19456.0,19615.0,19820.0,20010.5
"1490 Borås","totalt ålder","män",48854.0,49307.0,49652.5,50048.0,50598.0,51122.5,51581.5,52081.5,52614.5,53313.0,54179.0
"1490 Borås","totalt ålder","kvinnor",50919.0,51296.0,51583.5,51924.5,52278.0,52577.5,52905.0,53349.5,53894.0,54442.0,55005.0
"1491 Ulricehamn","totalt ålder","män",11230.0,11281.0,11366.0,11423.5,11467.0,11550.5,11603.5,11656.0,11735.5,11831.5,12004.5
"1491 Ulricehamn","totalt ålder","kvinnor",11178.5,11208.0,11258.0,11306.0,11328.5,11366.5,11402.0,11457.0,11492.0,11537.5,11686.0
"1492 Åmål","totalt ålder","män",6260.5,6220.5,6193.0,6151.5,6090.0,6055.5,6050.5,6066.0,6124.5,6247.5,6392.0
"1492 Åmål","totalt ålder","kvinnor",6466.0,6432.0,6374.0,6338.0,6274.5,6205.0,6168.0,6154.0,6153.0,6216.0,6309.0
"1493 Mariestad","totalt ålder","män",11951.5,11948.5,11916.5,11892.5,11866.5,11847.5,11862.0,11919.5,11995.0,12057.5,12128.0
"1493 Mariestad","totalt ålder","kvinnor",11962.5,11953.5,11931.5,11919.5,11903.5,11889.0,11873.5,11885.0,11900.5,11924.5,12001.0
"1494 Lidköping","totalt ålder","män",18574.5,18677.5,18776.5,18833.5,18889.0,18984.5,19060.5,19123.0,19251.5,19402.5,19538.0
"1494 Lidköping","totalt ålder","kvinnor",18878.5,18972.0,19071.0,19122.0,19129.5,19131.0,19158.0,19211.0,19336.0,19482.5,19584.0
"1495 Skara","totalt ålder","män",9121.0,9113.5,9099.0,9079.0,9027.0,8965.0,8988.0,9118.5,9280.5,9357.0,9430.5
"1495 Skara","totalt ålder","kvinnor",9465.5,9456.0,9432.0,9407.5,9357.5,9302.0,9262.5,9312.0,9383.0,9372.0,9414.5
"1496 Skövde","totalt ålder","män",24904.5,24993.5,25124.0,25331.0,25604.0,25884.0,26105.0,26449.5,26758.0,26986.0,27281.0
"1496 Skövde","totalt ålder","kvinnor",25162.0,25181.5,25279.5,25466.0,25589.0,25697.5,25881.5,26086.0,26238.5,26358.5,26563.0
"1497 Hjo","totalt ålder","män",4401.0,4394.0,4371.0,4383.0,4391.5,4375.0,4372.0,4369.0,4390.5,4458.0,4523.5
"1497 Hjo","totalt ålder","kvinnor",4450.0,4437.0,4438.0,4451.0,4458.5,4440.5,4439.0,4449.5,4454.5,4476.0,4492.0
"1498 Tidaholm","totalt ålder","män",6285.0,6310.0,6339.0,6342.5,6317.5,6316.5,6308.0,6304.0,6335.5,6380.5,6436.5
"1498 Tidaholm","totalt ålder","kvinnor",6309.0,6342.0,6333.0,6320.0,6284.5,6254.0,6254.5,6256.5,6255.5,6262.5,6296.5
"1499 Falköping","totalt ålder","män",15529.0,15570.0,15623.0,15678.0,15728.0,15774.0,15810.5,15889.5,16042.0,16229.0,16424.0
"1499 Falköping","totalt ålder","kvinnor",15683.5,15705.5,15707.0,15706.0,15738.0,15827.0,15878.5,15949.0,16044.5,16119.0,16234.5
"1715 Kil","totalt ålder","män",5890.0,5880.0,5848.5,5835.0,5853.5,5861.5,5874.0,5898.5,5920.0,5926.0,5926.0
"1715 Kil","totalt ålder","kvinnor",5918.0,5895.5,5862.5,5860.5,5858.0,5832.5,5858.0,5897.5,5927.5,5917.5,5875.0
"1730 Eda","totalt ålder","män",4390.0,4412.0,4404.5,4393.5,4371.0,4344.5,4345.0,4346.5,4329.0,4337.5,4346.5
"1730 Eda","totalt ålder","kvinnor",4245.5,4247.5,4246.5,4221.5,4179.5,4147.5,4133.0,4114.5,4110.5,4141.5,4169.0
"1737 Torsby","totalt ålder","män",6532.5,6520.5,6463.5,6367.5,6288.0,6245.5,6199.5,6127.0,6090.0,6075.5,6124.0
"1737 Torsby","totalt ålder","kvinnor",6420.5,6391.5,6329.0,6240.0,6173.0,6117.5,6066.0,5989.0,5912.5,5875.5,5915.5
"1760 Storfors","totalt ålder","män",2299.0,2298.5,2274.0,2251.0,2229.5,2193.0,2170.5,2148.5,2141.5,2123.5,2115.5
"1760 Storfors","totalt ålder","kvinnor",2235.0,2212.0,2165.0,2122.0,2088.5,2052.5,2013.5,1992.0,1977.0,1945.5,1923.5
"1761 Hammarö","totalt ålder","män",7272.5,7320.0,7355.0,7419.0,7483.5,7510.5,7542.0,7573.5,7613.0,7674.0,7775.5
"1761 Hammarö","totalt ålder","kvinnor",7159.0,7198.0,7246.0,7325.0,7396.0,7424.0,7460.0,7525.0,7583.0,7664.0,7797.0
"1762 Munkfors","totalt ålder","män",1988.0,1949.5,1913.0,1892.5,1887.5,1874.0,1845.5,1837.5,1841.5,1843.0,1874.0
"1762 Munkfors","totalt ålder","kvinnor",1977.5,1958.5,1934.0,1911.0,1894.5,1862.5,1826.5,1811.5,1814.5,1816.5,1826.5
"1763 Forshaga","totalt ålder","män",5737.0,5722.5,5724.0,5729.0,5694.5,5650.0,5664.5,5684.5,5720.5,5768.5,5803.5
"1763 Forshaga","totalt ålder","kvinnor",5753.5,5732.5,5705.5,5679.0,5639.0,5597.5,5605.5,5617.0,5615.0,5610.5,5611.5
"1764 Grums","totalt ålder","män",4706.5,4668.0,4638.0,4600.0,4581.0,4564.0,4519.5,4505.0,4507.5,4501.0,4531.0
"1764 Grums","totalt ålder","kvinnor",4663.5,4649.0,4638.0,4596.0,4535.5,4490.0,4458.5,4427.0,4434.0,4450.5,4473.0
"1765 Årjäng","totalt ålder","män",4978.0,4997.0,5023.5,5035.0,5014.5,5006.5,5010.0,5053.0,5047.5,5021.0,5063.0
"1765 Årjäng","totalt ålder","kvinnor",4832.5,4852.0,4891.0,4898.5,4870.5,4834.5,4835.5,4855.5,4831.0,4815.5,4850.5
"1766 Sunne","totalt ålder","män",6798.5,6800.5,6777.0,6723.0,6675.0,6646.0,6629.0,6592.5,6601.5,6685.5,6806.0
"1766 Sunne","totalt ålder","kvinnor",6790.0,6778.0,6742.5,6686.0,6625.0,6552.5,6493.0,6464.0,6453.5,6468.0,6510.5
"1780 Karlstad","totalt ålder","män",40317.5,40775.5,41091.0,41437.5,41948.5,42369.0,42665.0,42993.0,43324.5,43685.0,44194.5
"1780 Karlstad","totalt ålder","kvinnor",42169.5,42484.0,42726.5,42927.5,43296.0,43712.0,44004.0,44364.5,44743.5,45112.5,45527.0
"1781 Kristinehamn","totalt ålder","män",11863.5,11849.0,11864.5,11870.5,11840.0,11781.0,11794.5,11880.5,11989.0,12096.5,12262.5
"1781 Kristinehamn","totalt ålder","kvinnor",12010.0,12028.0,12067.5,12090.0,12045.5,11972.0,11919.0,11958.5,12042.5,12095.5,12208.0
"1782 Filipstad","totalt ålder","män",5476.0,5427.5,5369.0,5346.5,5340.0,5334.0,5328.5,5350.0,5397.5,5427.5,5529.0
"1782 Filipstad","totalt ålder","kvinnor",5508.5,5439.5,5363.0,5307.5,5254.0,5204.0,5203.0,5206.0,5190.5,5191.5,5263.5
"1783 Hagfors","totalt ålder","män",6680.5,6601.5,6527.5,6432.5,6347.0,6265.0,6201.0,6170.5,6141.5,6119.0,6142.0
"1783 Hagfors","totalt ålder","kvinnor",6551.5,6458.5,6371.0,6287.5,6211.0,6116.0,6025.0,5950.0,5854.5,5753.5,5728.5
"1784 Arvika","totalt ålder","män",13011.5,13038.5,13046.5,12997.5,12959.0,12896.5,12839.5,12839.0,12839.0,12860.0,12973.0
"1784 Arvika","totalt ålder","kvinnor",13186.5,13152.0,13166.5,13140.5,13108.0,13074.0,13028.5,12984.0,12955.0,12946.0,12974.5
"1785 Säffle","totalt ålder","män",8052.5,8012.5,7981.5,7916.5,7857.5,7792.0,7732.0,7696.5,7683.5,7717.0,7812.0
"1785 Säffle","totalt ålder","kvinnor",7974.0,7908.0,7844.5,7776.5,7717.0,7678.5,7619.0,7595.5,7621.5,7633.0,7687.5
"1814 Lekeberg","totalt ålder","män",3666.5,3674.0,3667.0,3675.0,3687.0,3711.5,3752.5,3781.0,3807.0,3856.0,3926.0
"1814 Lekeberg","totalt ålder","kvinnor",3422.0,3422.5,3437.0,3442.0,3441.5,3467.0,3508.0,3512.5,3519.0,3571.5,3638.0
"1860 Laxå","totalt ålder","män",3099.5,3042.5,3003.0,2970.5,2920.0,2889.5,2867.0,2858.0,2894.5,2921.5,2942.0
"1860 Laxå","totalt ålder","kvinnor",2991.5,2941.5,2893.0,2857.5,2816.0,2764.5,2720.0,2708.0,2727.5,2738.5,2740.5
"1861 Hallsberg","totalt ålder","män",7794.5,7773.0,7778.0,7763.5,7763.5,7776.0,7753.0,7757.0,7795.5,7898.5,8019.0
"1861 Hallsberg","totalt ålder","kvinnor",7506.5,7504.5,7484.0,7482.0,7491.5,7485.5,7512.5,7518.0,7495.5,7513.5,7560.0
"1862 Degerfors","totalt ålder","män",5112.5,5052.5,5012.0,4960.0,4921.5,4890.0,4853.5,4835.5,4856.0,4885.0,4908.0
"1862 Degerfors","totalt ålder","kvinnor",4941.0,4906.0,4859.0,4814.0,4753.5,4706.0,4660.5,4653.0,4659.5,4652.0,4668.0
"1863 Hällefors","totalt ålder","män",3805.5,3756.0,3713.0,3688.5,3655.5,3612.0,3575.5,3546.5,3544.0,3577.5,3634.5
"1863 Hällefors","totalt ålder","kvinnor",3777.5,3751.0,3705.0,3658.5,3621.0,3568.0,3488.5,3438.5,3415.0,3406.5,3450.5
"1864 Ljusnarsberg","totalt ålder","män",2675.0,2663.0,2631.0,2600.5,2562.0,2516.0,2499.0,2520.5,2560.5,2583.5,2613.5
"1864 Ljusnarsberg","totalt ålder","kvinnor",2605.0,2552.5,2527.5,2491.5,2431.0,2384.5,2360.0,2341.0,2333.5,2337.0,2353.5
"1880 Örebro","totalt ålder","män",62371.5,63122.5,64007.0,64984.5,65856.5,66703.0,67641.0,68641.0,69675.0,70628.0,71749.0
"1880 Örebro","totalt ålder","kvinnor",65983.5,66580.5,67346.0,68157.0,68876.5,69587.5,70395.5,71134.5,71933.5,72781.0,73666.5
"1881 Kumla","totalt ålder","män",9699.0,9789.5,9905.5,9984.0,10084.0,10197.0,10284.0,10400.0,10487.5,10558.5,10643.0
"1881 Kumla","totalt ålder","kvinnor",9859.0,9958.0,10099.0,10201.5,10251.0,10286.0,10340.0,10421.0,10472.5,10526.5,10601.0
"1882 Askersund","totalt ålder","män",5723.5,5711.0,5700.5,5685.5,5671.0,5655.0,5597.5,5585.0,5620.0,5646.5,5702.5
"1882 Askersund","totalt ålder","kvinnor",5742.0,5721.0,5689.5,5661.0,5621.5,5551.0,5475.0,5468.5,5487.5,5488.5,5514.0
"1883 Karlskoga","totalt ålder","män",14958.5,14941.5,14878.5,14791.5,14730.5,14706.0,14722.0,14795.5,14930.0,15059.0,15178.0
"1883 Karlskoga","totalt ålder","kvinnor",15213.5,15132.0,15051.5,15015.5,14974.5,14936.0,14901.5,14884.0,14961.0,15109.5,15232.5
"1884 Nora","totalt ålder","män",5140.5,5123.0,5096.5,5068.5,5070.5,5104.0,5106.0,5109.0,5130.0,5173.0,5269.0
"1884 Nora","totalt ålder","kvinnor",5336.5,5341.5,5314.5,5290.5,5324.5,5334.0,5286.5,5268.5,5245.5,5254.0,5314.5
"1885 Lindesberg","totalt ålder","män",11663.5,11658.0,11702.5,11677.5,11637.5,11660.0,11661.0,11680.0,11765.0,11867.5,12004.5
"1885 Lindesberg","totalt ålder","kvinnor",11487.5,11431.0,11399.0,11386.5,11394.0,11411.0,11382.5,11397.5,11457.5,11548.0,11648.5
"1904 Skinnskatteberg","totalt ålder","män",2413.5,2395.5,2382.5,2362.5,2312.0,2281.0,2281.0,2277.5,2285.5,2299.0,2295.0
"1904 Skinnskatteberg","totalt ålder","kvinnor",2343.0,2323.5,2271.5,2232.0,2194.0,2147.5,2121.0,2124.0,2137.0,2154.0,2155.5
"1907 Surahammar","totalt ålder","män",5173.0,5150.5,5131.0,5088.5,5063.5,5050.5,5048.5,5048.5,5069.5,5120.5,5161.0
"1907 Surahammar","totalt ålder","kvinnor",4979.5,4965.0,4961.0,4932.5,4901.0,4859.5,4832.0,4813.5,4806.5,4831.0,4861.0
"1960 Kungsör","totalt ålder","män",4167.0,4137.5,4124.5,4098.0,4090.0,4083.0,4057.5,4086.5,4160.5,4218.5,4280.0
"1960 Kungsör","totalt ålder","kvinnor",4090.0,4077.5,4070.0,4045.0,4012.5,4004.5,4000.5,4016.0,4061.5,4087.5,4107.5
"1961 Hallstahammar","totalt ålder","män",7446.0,7479.0,7487.0,7500.0,7525.5,7546.0,7590.0,7669.0,7744.0,7775.5,7855.5
"1961 Hallstahammar","totalt ålder","kvinnor",7552.5,7562.0,7540.0,7570.5,7625.5,7653.5,7695.0,7766.0,7816.0,7845.0,7888.5
"1962 Norberg","totalt ålder","män",2968.5,2942.0,2918.5,2907.0,2895.0,2884.5,2867.0,2858.5,2906.0,2969.0,2988.5
"1962 Norberg","totalt ålder","kvinnor",2886.0,2873.5,2850.0,2832.5,2831.5,2839.5,2810.5,2760.5,2757.5,2792.0,2810.5
"1980 Västerås","totalt ålder","män",65560.0,66055.5,66576.0,67153.0,67798.5,68519.5,69369.5,70274.0,71146.0,72009.5,73047.0
"1980 Västerås","totalt ålder","kvinnor",66867.0,67268.5,67630.0,68157.0,68773.0,69438.5,70234.5,71041.0,71770.5,72450.5,73272.0
"1981 Sala","totalt ålder","män",10618.0,10610.5,10626.0,10681.0,10731.0,10748.0,10752.0,10803.5,10897.0,10995.5,11129.5
"1981 Sala","totalt ålder","kvinnor",10785.0,10775.5,10762.5,10751.0,10786.0,10803.5,10830.0,10879.0,10950.0,11021.5,11101.5
"1982 Fagersta","totalt ålder","män",6116.5,6097.5,6116.5,6148.5,6210.0,6299.0,6349.5,6440.5,6601.0,6727.5,6801.5
"1982 Fagersta","totalt ålder","kvinnor",6119.5,6095.0,6108.5,6109.5,6136.0,6199.0,6244.0,6312.5,6401.5,6482.0,6564.0
"1983 Köping","totalt ålder","män",12367.5,12366.0,12377.5,12409.5,12431.0,12400.0,12365.0,12476.5,12651.0,12774.5,12961.5
"1983 Köping","totalt ålder","kvinnor",12285.0,12286.5,12315.5,12384.0,12445.0,12456.0,12465.5,12569.0,12655.5,12692.0,12792.0
"1984 Arboga","totalt ålder","män",6654.0,6660.0,6648.5,6641.5,6633.0,6622.0,6647.5,6709.0,6792.0,6921.5,7020.0
"1984 Arboga","totalt ålder","kvinnor",6731.5,6720.0,6686.5,6660.0,6660.5,6671.5,6680.0,6714.0,6770.0,6823.0,6860.5
"2021 Vansbro","totalt ålder","män",3541.0,3512.5,3494.5,3473.5,3454.0,3451.5,3444.5,3430.0,3418.0,3425.5,3493.0
"2021 Vansbro","totalt ålder","kvinnor",3481.0,3458.5,3443.0,3422.5,3386.5,3360.0,3354.0,3324.5,3294.0,3279.0,3306.5
"2023 Malung-Sälen","totalt ålder","män",5355.0,5333.5,5295.0,5283.5,5282.5,5248.5,5212.0,5176.0,5132.5,5137.5,5187.5
"2023 Malung-Sälen","totalt ålder","kvinnor",5160.5,5139.5,5111.5,5113.0,5099.5,5060.5,5008.0,4943.5,4882.5,4865.0,4876.0
"2026 Gagnef","totalt ålder","män",5111.5,5107.0,5126.0,5127.0,5133.0,5138.5,5122.5,5122.0,5133.0,5137.0,5163.5
"2026 Gagnef","totalt ålder","kvinnor",4994.0,4988.5,4983.0,4962.0,4951.0,4944.5,4918.0,4895.5,4890.5,4914.5,4963.5
"2029 Leksand","totalt ålder","män",7642.5,7614.0,7583.5,7579.5,7589.0,7591.0,7571.0,7561.5,7593.5,7657.5,7750.5
"2029 Leksand","totalt ålder","kvinnor",7802.5,7780.0,7729.5,7716.0,7707.0,7672.5,7621.0,7590.0,7611.0,7631.5,7666.0
"2031 Rättvik","totalt ålder","män",5390.0,5402.5,5402.5,5368.0,5349.5,5370.5,5398.0,5401.5,5397.5,5392.5,5422.5
"2031 Rättvik","totalt ålder","kvinnor",5495.0,5481.0,5464.0,5455.5,5454.5,5464.5,5431.0,5381.0,5359.5,5361.0,5385.0
"2034 Orsa","totalt ålder","män",3485.5,3512.0,3507.5,3480.5,3481.5,3481.0,3458.5,3450.0,3465.5,3470.5,3496.0
"2034 Orsa","totalt ålder","kvinnor",3537.5,3546.5,3533.0,3481.5,3446.5,3413.5,3392.5,3392.0,3365.0,3310.5,3309.5
"2039 Älvdalen","totalt ålder","män",3773.5,3757.5,3732.5,3725.0,3705.5,3668.0,3648.0,3635.5,3622.5,3628.0,3638.0
"2039 Älvdalen","totalt ålder","kvinnor",3658.5,3633.0,3592.0,3562.5,3542.0,3527.5,3513.5,3482.0,3451.5,3415.5,3399.0
"2061 Smedjebacken","totalt ålder","män",5425.5,5415.0,5423.5,5431.5,5437.0,5420.5,5419.0,5439.5,5468.0,5512.5,5576.0
"2061 Smedjebacken","totalt ålder","kvinnor",5338.0,5300.0,5301.0,5314.5,5299.5,5268.0,5237.0,5231.0,5233.5,5238.5,5273.5
"2062 Mora","totalt ålder","män",10093.0,10062.5,10028.5,10014.5,10016.0,10027.5,10033.5,10027.5,10037.0,10094.0,10176.5
"2062 Mora","totalt ålder","kvinnor",10092.5,10088.5,10119.5,10135.0,10133.5,10102.5,10061.0,10012.5,9965.0,9959.5,10013.5
"2080 Falun","totalt ålder","män",27242.5,27232.0,27254.0,27357.0,27544.0,27663.5,27759.0,27914.5,28050.0,28181.5,28401.0
"2080 Falun","totalt ålder","kvinnor",28028.0,28011.5,28004.5,28134.0,28320.5,28420.5,28519.0,28685.0,28781.5,28797.5,28972.5
"2081 Borlänge","totalt ålder","män",23738.0,23938.5,24098.5,24324.5,24661.0,24794.0,24778.5,24936.0,25271.0,25564.5,25853.5
"2081 Borlänge","totalt ålder","kvinnor",23455.0,23639.0,23872.0,24108.5,24305.0,24493.0,24624.0,24816.5,25098.0,25287.0,25442.5
"2082 Säter","totalt ålder","män",5585.0,5583.0,5574.0,5554.5,5521.5,5511.0,5526.5,5529.5,5530.5,5576.5,5640.0
"2082 Säter","totalt ålder","kvinnor",5405.0,5412.5,5404.5,5374.0,5348.5,5339.5,5329.5,5332.5,5349.0,5371.0,5407.5
"2083 Hedemora","totalt ålder","män",7637.0,7600.0,7580.0,7556.0,7557.0,7556.0,7523.5,7504.0,7532.0,7612.0,7748.5
"2083 Hedemora","totalt ålder","kvinnor",7800.0,7740.5,7700.0,7671.0,7622.5,7585.5,7568.0,7538.5,7521.0,7548.0,7599.5
"2084 Avesta","totalt ålder","män",11035.5,11019.5,11003.0,10970.5,10893.5,10845.5,10832.0,10853.0,10998.0,11348.0,11679.0
"2084 Avesta","totalt ålder","kvinnor",10923.0,10905.0,10908.5,10879.0,10779.0,10689.0,10644.5,10671.5,10804.0,11053.5,11292.0
"2085 Ludvika","totalt ålder","män",12677.0,12667.0,12712.5,12798.0,12897.5,12923.5,12879.5,12905.0,13018.5,13228.0,13540.5
"2085 Ludvika","totalt ålder","kvinnor",12830.0,12784.0,12761.0,12788.0,12832.5,12774.5,12733.0,12770.5,12852.5,12968.0,13107.0
"2101 Ockelbo","totalt ålder","män",3069.0,3057.0,3058.0,3048.5,3009.5,2982.5,2959.5,2946.5,2935.5,2962.0,3008.5
"2101 Ockelbo","totalt ålder","kvinnor",2975.5,2954.5,2948.0,2956.0,2949.5,2939.0,2919.0,2871.0,2839.5,2845.0,2844.0
"2104 Hofors","totalt ålder","män",5144.5,5116.5,5068.0,5015.0,4987.0,4935.0,4882.0,4862.5,4847.0,4849.5,4907.0
"2104 Hofors","totalt ålder","kvinnor",4999.5,4948.5,4899.5,4869.5,4820.0,4724.5,4667.5,4653.5,4624.0,4583.5,4592.5
"2121 Ovanåker","totalt ålder","män",5982.5,5966.5,5930.5,5873.0,5824.5,5784.5,5786.0,5777.5,5792.5,5851.0,5929.5
"2121 Ovanåker","totalt ålder","kvinnor",5862.0,5839.0,5790.5,5715.5,5660.5,5637.5,5612.0,5595.5,5600.5,5599.5,5620.5
"2132 Nordanstig","totalt ålder","män",4993.5,5002.0,5000.0,4971.5,4945.0,4930.5,4905.5,4890.5,4898.0,4915.5,4930.0
"2132 Nordanstig","totalt ålder","kvinnor",4835.0,4809.5,4774.5,4719.5,4683.5,4641.5,4627.5,4621.5,4594.0,4576.0,4570.5
"2161 Ljusdal","totalt ålder","män",9714.5,9631.5,9578.5,9575.0,9584.0,9553.5,9506.5,9507.0,9535.0,9585.5,9643.0
"2161 Ljusdal","totalt ålder","kvinnor",9599.0,9577.5,9575.5,9530.0,9487.0,9466.0,9420.5,9398.5,9405.0,9402.5,9404.0
"2180 Gävle","totalt ålder","män",45552.5,45723.5,46036.0,46460.5,46860.5,47151.5,47480.5,47956.5,48477.0,48912.5,49356.0
"2180 Gävle","totalt ålder","kvinnor",46758.0,46825.0,47059.0,47470.0,47843.0,48090.0,48318.5,48746.5,49298.0,49683.0,49976.5
"2181 Sandviken","totalt ålder","män",18542.0,18548.0,18591.5,18633.0,18631.5,18631.5,18671.0,18739.0,18930.5,19229.0,19568.0
"2181 Sandviken","totalt ålder","kvinnor",18177.0,18228.0,18250.0,18295.5,18315.5,18324.0,18371.0,18430.5,18611.0,18844.5,19063.5
"2182 Söderhamn","totalt ålder","män",13169.5,13100.0,13045.5,12958.0,12897.5,12804.0,12691.0,12724.5,12813.0,12920.0,13062.0
"2182 Söderhamn","totalt ålder","kvinnor",13212.0,13088.5,13008.0,12915.0,12805.5,12686.5,12587.5,12608.0,12636.0,12700.5,12826.5
"2183 Bollnäs","totalt ålder","män",12992.0,12998.5,13007.0,13026.0,13043.0,13040.0,13024.5,13000.5,13081.0,13257.0,13450.5
"2183 Bollnäs","totalt ålder","kvinnor",13265.5,13249.0,13196.0,13156.0,13168.5,13180.5,13151.0,13149.0,13186.5,13237.0,13311.0
"2184 Hudiksvall","totalt ålder","män",18308.5,18297.0,18306.0,18287.0,18273.5,18280.0,18312.5,18357.0,18377.5,18416.5,18575.5
"2184 Hudiksvall","totalt ålder","kvinnor",18671.5,18644.5,18610.0,18589.5,18575.0,18536.5,18490.0,18468.0,18499.0,18533.0,18561.5
"2260 Ånge","totalt ålder","män",5382.0,5329.5,5275.5,5217.5,5156.5,5083.5,4983.0,4922.0,4907.0,4896.0,4907.0
"2260 Ånge","totalt ålder","kvinnor",5266.0,5193.5,5107.0,5018.0,4944.0,4862.5,4756.0,4671.5,4609.0,4592.5,4587.0
"2262 Timrå","totalt ålder","män",8995.0,9039.0,9073.0,9068.5,9071.5,9104.5,9118.0,9138.5,9156.0,9140.0,9134.5
"2262 Timrå","totalt ålder","kvinnor",8813.5,8838.0,8859.0,8872.5,8874.5,8903.5,8893.5,8891.0,8887.5,8866.0,8855.0
"2280 Härnösand","totalt ålder","män",12376.5,12320.5,12217.0,12129.5,12107.0,12095.5,12032.0,12036.5,12185.5,12394.0,12559.0
"2280 Härnösand","totalt ålder","kvinnor",12777.0,12680.5,12602.0,12566.0,12536.0,12480.5,12437.5,12417.0,12446.5,12516.5,12608.5
"2281 Sundsvall","totalt ålder","män",46865.0,46948.0,46996.5,47226.5,47455.5,47645.0,47974.0,48233.5,48419.5,48660.5,48982.0
"2281 Sundsvall","totalt ålder","kvinnor",47415.0,47597.5,47768.5,48017.5,48177.0,48277.5,48426.0,48599.0,48738.5,48825.0,48997.0
"2282 Kramfors","totalt ålder","män",10000.5,9909.5,9841.0,9759.0,9627.5,9520.0,9434.0,9381.5,9389.5,9398.5,9503.0
"2282 Kramfors","totalt ålder","kvinnor",9961.0,9830.0,9727.0,9584.5,9435.0,9306.5,9195.0,9101.5,9053.0,8998.5,9017.0
"2283 Sollefteå","totalt ålder","män",10362.0,10304.0,10246.5,10234.5,10201.5,10099.5,9968.0,9878.5,9918.0,9975.5,10003.0
"2283 Sollefteå","totalt ålder","kvinnor",10550.5,10460.0,10362.0,10255.5,10147.0,10010.0,9882.0,9801.0,9781.5,9804.0,9811.5
"2284 Örnsköldsvik","totalt ålder","män",27586.5,27681.5,27698.5,27650.0,27575.0,27540.5,27546.5,27592.5,27704.5,27890.0,28126.5
"2284 Örnsköldsvik","totalt ålder","kvinnor",27506.5,27582.0,27637.0,27607.5,27525.5,27461.0,27422.5,27404.5,27412.5,27522.0,27643.5
"2303 Ragunda","totalt ålder","män",2916.5,2904.0,2874.0,2842.0,2825.5,2807.0,2784.0,2770.5,2769.0,2772.0,2775.0
"2303 Ragunda","totalt ålder","kvinnor",2884.5,2872.5,2840.0,2803.0,2774.0,2738.5,2699.5,2691.5,2680.0,2641.5,2626.0
"2305 Bräcke","totalt ålder","män",3710.0,3704.5,3656.5,3598.0,3582.5,3569.5,3521.0,3463.0,3399.5,3383.5,3403.0
"2305 Bräcke","totalt ålder","kvinnor",3487.0,3451.0,3402.5,3339.0,3292.5,3248.0,3181.5,3144.0,3111.5,3075.5,3070.5
"2309 Krokom","totalt ålder","män",7253.0,7296.5,7313.5,7360.5,7409.5,7435.5,7444.0,7472.0,7513.0,7565.0,7639.5
"2309 Krokom","totalt ålder","kvinnor",6947.0,6990.5,7000.5,7031.5,7088.0,7111.5,7130.5,7144.5,7132.5,7151.5,7174.5
"2313 Strömsund","totalt ålder","män",6562.5,6487.5,6433.5,6358.5,6285.0,6260.0,6255.5,6212.0,6155.5,6110.5,6119.5
"2313 Strömsund","totalt ålder","kvinnor",6294.0,6243.0,6172.0,6050.5,5950.5,5918.0,5899.0,5849.0,5773.0,5682.0,5641.0
"2321 Åre","totalt ålder","män",5112.0,5162.5,5227.0,5262.5,5257.5,5242.5,5279.5,5346.0,5396.5,5474.5,5647.5
"2321 Åre","totalt ålder","kvinnor",4881.5,4911.5,4966.0,5006.0,5018.5,5024.0,5053.0,5067.0,5091.0,5141.5,5235.0
"2326 Berg","totalt ålder","män",3932.5,3906.5,3883.5,3850.5,3798.0,3779.0,3756.0,3712.0,3681.0,3654.5,3668.0
"2326 Berg","totalt ålder","kvinnor",3711.5,3682.5,3676.0,3639.5,3601.5,3569.5,3524.0,3475.5,3432.5,3395.0,3388.5
"2361 Härjedalen","totalt ålder","män",5509.0,5457.5,5448.5,5423.0,5371.0,5324.5,5296.0,5300.0,5320.5,5337.0,5340.0
"2361 Härjedalen","totalt ålder","kvinnor",5317.5,5274.0,5223.5,5192.0,5148.5,5073.0,4997.5,4963.5,4932.0,4906.0,4891.0
"2380 Östersund","totalt ålder","män",28396.0,28443.5,28531.5,28669.5,28812.0,28883.0,28880.5,29053.0,29347.5,29641.5,29997.5
"2380 Östersund","totalt ålder","kvinnor",30109.5,30191.0,30268.5,30355.5,30464.0,30511.5,30548.5,30667.5,30878.0,31139.0,31408.0
"2401 Nordmaling","totalt ålder","män",3757.0,3745.0,3717.5,3679.0,3644.5,3611.5,3597.0,3596.0,3614.0,3639.5,3656.5
"2401 Nordmaling","totalt ålder","kvinnor",3691.0,3663.0,3615.5,3561.5,3507.0,3461.5,3446.5,3426.5,3431.5,3433.0,3439.5
"2403 Bjurholm","totalt ålder","män",1304.0,1304.0,1301.5,1298.5,1288.0,1263.5,1253.0,1254.5,1257.5,1263.0,1267.0
"2403 Bjurholm","totalt ålder","kvinnor",1243.0,1241.0,1231.0,1209.5,1192.0,1182.0,1173.0,1174.0,1186.0,1189.0,1186.5
"2404 Vindeln","totalt ålder","män",2853.5,2817.0,2790.0,2764.0,2752.5,2746.5,2716.5,2695.5,2713.5,2721.0,2725.0
"2404 Vindeln","totalt ålder","kvinnor",2855.0,2835.5,2836.5,2802.0,2760.5,2724.0,2680.0,2656.0,2650.0,2656.0,2667.0
"2409 Robertsfors","totalt ålder","män",3566.0,3534.5,3519.5,3519.5,3502.0,3473.5,3459.5,3464.0,3466.5,3467.0,3480.5
"2409 Robertsfors","totalt ålder","kvinnor",3465.0,3418.0,3385.0,3370.5,3353.5,3323.0,3280.0,3263.5,3264.5,3280.5,3297.0
"2417 Norsjö","totalt ålder","män",2264.0,2241.0,2221.5,2218.0,2208.5,2177.5,2150.0,2143.5,2156.5,2166.0,2152.5
"2417 Norsjö","totalt ålder","kvinnor",2187.5,2167.5,2150.0,2144.0,2124.0,2093.0,2054.5,2030.0,2021.0,2012.0,1998.0
"2418 Malå","totalt ålder","män",1713.0,1688.5,1688.5,1669.0,1637.5,1623.5,1604.5,1585.5,1569.5,1566.5,1573.0
"2418 Malå","totalt ålder","kvinnor",1671.5,1654.5,1665.0,1663.0,1647.0,1628.5,1608.5,1590.0,1565.5,1545.5,1531.5
"2421 Storuman","totalt ålder","män",3311.5,3273.5,3241.0,3211.5,3161.5,3097.0,3070.0,3049.0,3020.5,3012.0,3006.5
"2421 Storuman","totalt ålder","kvinnor",3158.0,3134.0,3102.5,3054.0,3012.0,2976.0,2946.0,2931.0,2934.0,2937.0,2914.5
"2422 Sorsele","totalt ålder","män",1490.0,1468.5,1441.0,1429.0,1432.5,1429.5,1412.0,1376.0,1365.5,1356.0,1349.0
"2422 Sorsele","totalt ålder","kvinnor",1396.0,1370.5,1331.0,1309.0,1307.0,1303.0,1289.0,1258.0,1214.5,1184.5,1176.5
"2425 Dorotea","totalt ålder","män",1579.5,1561.0,1522.0,1501.0,1498.0,1499.0,1488.5,1455.5,1446.5,1450.5,1435.0
"2425 Dorotea","totalt ålder","kvinnor",1496.0,1470.0,1431.5,1406.0,1391.0,1371.0,1339.5,1320.0,1310.5,1298.0,1294.5
"2460 Vännäs","totalt ålder","män",4187.5,4175.0,4173.0,4186.0,4199.0,4223.5,4263.5,4327.0,4374.5,4385.5,4408.5
"2460 Vännäs","totalt ålder","kvinnor",4236.5,4218.5,4181.0,4171.0,4186.5,4216.0,4230.0,4225.5,4225.0,4219.0,4235.5
"2462 Vilhelmina","totalt ålder","män",3736.5,3715.5,3701.5,3678.5,3649.5,3619.0,3569.0,3532.0,3507.0,3489.5,3484.0
"2462 Vilhelmina","totalt ålder","kvinnor",3567.0,3534.5,3518.5,3509.5,3496.0,3472.5,3425.5,3382.0,3360.5,3349.0,3333.0
"2463 Åsele","totalt ålder","män",1662.0,1655.0,1648.0,1621.5,1593.5,1565.5,1540.5,1510.5,1481.0,1466.5,1484.5
"2463 Åsele","totalt ålder","kvinnor",1634.5,1613.0,1574.5,1535.0,1492.5,1457.5,1442.0,1406.0,1375.5,1368.5,1369.0
"2480 Umeå","totalt ålder","män",55256.5,55548.5,55959.5,56605.0,57381.0,57994.0,58378.5,58839.5,59492.0,60141.5,61007.5
"2480 Umeå","totalt ålder","kvinnor",55740.0,55954.5,56290.0,56796.5,57393.0,57975.0,58501.0,58982.0,59489.0,60053.5,60827.0
"2481 Lycksele","totalt ålder","män",6277.0,6229.0,6189.5,6169.0,6151.5,6140.0,6151.5,6159.5,6133.5,6113.0,6115.0
"2481 Lycksele","totalt ålder","kvinnor",6379.5,6328.5,6300.5,6283.0,6250.0,6219.5,6195.5,6151.0,6105.5,6079.5,6067.0
"2482 Skellefteå","totalt ålder","män",35947.0,36033.0,36055.0,35987.5,35957.0,35950.0,36052.5,36237.0,36342.0,36389.5,36491.0
"2482 Skellefteå","totalt ålder","kvinnor",35991.0,35995.0,35921.0,35828.5,35748.5,35660.5,35624.5,35644.0,35664.0,35638.0,35657.5
"2505 Arvidsjaur","totalt ålder","män",3413.0,3414.5,3399.5,3374.0,3335.5,3307.5,3290.0,3275.5,3277.0,3284.5,3284.0
"2505 Arvidsjaur","totalt ålder","kvinnor",3389.5,3356.5,3308.5,3269.5,3240.0,3204.0,3190.5,3193.5,3200.5,3193.0,3172.5
"2506 Arjeplog","totalt ålder","män",1633.0,1612.5,1610.0,1622.0,1627.0,1626.0,1612.0,1577.5,1543.5,1520.0,1502.0
"2506 Arjeplog","totalt ålder","kvinnor",1522.0,1507.5,1507.5,1522.5,1525.0,1511.5,1472.0,1439.5,1400.0,1377.0,1379.5
"2510 Jokkmokk","totalt ålder","män",2798.0,2766.0,2723.5,2684.5,2651.0,2619.0,2593.0,2589.5,2598.5,2600.5,2618.0
"2510 Jokkmokk","totalt ålder","kvinnor",2714.5,2682.5,2632.0,2573.0,2539.0,2525.5,2509.5,2486.5,2477.5,2478.5,2470.5
"2513 Överkalix","totalt ålder","män",1986.5,1969.0,1931.0,1901.0,1873.0,1850.0,1831.0,1797.5,1780.0,1780.5,1775.5
"2513 Överkalix","totalt ålder","kvinnor",1879.0,1858.0,1824.0,1791.5,1767.5,1730.0,1692.0,1669.0,1642.5,1621.5,1611.0
"2514 Kalix","totalt ålder","män",8877.5,8832.5,8778.0,8686.5,8587.5,8521.5,8470.0,8421.5,8380.5,8351.0,8337.0
"2514 Kalix","totalt ålder","kvinnor",8562.0,8507.0,8444.5,8357.5,8245.5,8144.0,8084.5,8031.0,7966.5,7926.5,7898.5
"2518 Övertorneå","totalt ålder","män",2697.0,2677.0,2637.5,2605.5,2578.0,2555.0,2557.0,2537.0,2509.5,2474.5,2423.5
"2518 Övertorneå","totalt ålder","kvinnor",2501.5,2453.0,2394.5,2340.5,2288.0,2256.0,2234.0,2203.5,2200.5,2182.5,2145.0
"2521 Pajala","totalt ålder","män",3541.0,3469.5,3402.0,3342.5,3303.5,3296.5,3293.0,3297.5,3299.5,3270.5,3230.0
"2521 Pajala","totalt ålder","kvinnor",3202.0,3135.5,3073.5,3026.5,2992.0,2979.5,2981.5,2991.5,3001.5,2977.5,2924.5
"2523 Gällivare","totalt ålder","män",9806.5,9770.5,9721.0,9645.0,9566.0,9500.5,9454.5,9435.0,9409.5,9375.0,9312.5
"2523 Gällivare","totalt ålder","kvinnor",9211.5,9139.0,9060.5,8973.0,8913.0,8875.0,8862.0,8888.0,8875.5,8802.0,8727.0
"2560 Älvsbyn","totalt ålder","män",4380.0,4350.5,4302.5,4267.0,4239.0,4208.5,4173.5,4146.5,4154.5,4187.5,4204.0
"2560 Älvsbyn","totalt ålder","kvinnor",4274.0,4248.5,4202.5,4159.0,4122.0,4085.5,4053.0,4037.5,4015.0,3989.5,3984.0
"2580 Luleå","totalt ålder","män",36930.0,36967.0,36938.0,37183.0,37426.0,37549.5,37753.0,38031.5,38332.0,38534.0,38799.5
"2580 Luleå","totalt ålder","kvinnor",36102.0,36262.5,36338.0,36495.0,36638.0,36752.5,36912.5,37112.5,37342.5,37493.0,37629.5
"2581 Piteå","totalt ålder","män",20477.0,20519.5,20496.5,20454.0,20439.5,20458.5,20546.5,20644.0,20756.0,20852.5,20979.0
"2581 Piteå","totalt ålder","kvinnor",20431.0,20432.5,20435.0,20427.0,20436.5,20458.5,20463.5,20534.0,20637.0,20675.5,20747.0
"2582 Boden","totalt ålder","män",13874.5,13845.5,13744.0,13639.0,13643.0,13759.5,13840.5,13949.0,14090.0,14138.0,14196.5
"2582 Boden","totalt ålder","kvinnor",14214.5,14074.5,13942.5,13832.5,13796.5,13797.5,13780.0,13769.0,13772.5,13762.0,13781.0
"2583 Haparanda","totalt ålder","män",5229.0,5234.0,5205.0,5174.0,5147.0,5116.5,5066.0,5035.5,5025.5,5025.5,5045.5
"2583 Haparanda","totalt ålder","kvinnor",4970.0,4969.0,4977.5,4968.5,4938.5,4933.5,4906.5,4859.5,4805.5,4778.0,4802.0
"2584 Kiruna","totalt ålder","män",11922.5,11917.0,11888.0,11853.5,11814.5,11822.0,11849.0,11925.5,12028.0,12046.0,12034.5
"2584 Kiruna","totalt ålder","kvinnor",11274.0,11273.0,11222.5,11180.5,11142.0,11133.5,11120.5,11158.5,11190.5,11163.5,11138.0
